israel_,d5c0589d-dbd8-4927-9611-dad76ccbe982
adrianfvl20,8633add8-fa65-4c54-9b33-b9710a9b22c6
enderher0,08f94115-9295-4f6f-a5ec-6e161563ed05
_0helper0_,8ceb8662-59ae-463e-9baf-23c10e5404b4
kayaprogamer201,e31dfc0f-02ab-4c2d-9494-b0e3356f15e1
spaceypandora,962f7085-36a6-4aec-9e47-f1260b0c212e
b1uemana,6f545ee8-c939-4a6f-b967-6d7de7f41588
bobcat878,efc04f87-98c9-474d-baaa-6e157b8be3d0
xelitexdonx,de5a5dcc-6424-4e65-a518-f3bd9d5c90df
cas_bel,1ccc6dd1-c1fe-4d84-90c5-ada983baaa47
julian141,c29d1e08-9740-454f-920d-9d8226a0c855
jakubqwe,4da80857-13c7-4148-83d4-f7403af495f2
premakes,35d3abc0-cda2-400e-9408-a1b171048748
kittotz,e5f63f0c-899f-46f9-a634-e014468a135b
ojintimothy,4e37d172-adbd-443c-8c6a-bcf2716db8d2
starfox29,11cc93a7-e36a-44b1-8925-a22d91f0d0a1
trixiemattel_,f4fb8857-4cc6-48a0-a5b7-83e49e436ec2
fagiosh,b7ed94d5-95a1-4887-b6f3-b11b2e362dd4
jfrisina04,71bca516-251e-4f93-83c2-91037395d2a3
ofamosso,6137a4c1-ea2a-4b6d-a21a-fab3e400dd9a
wobztheimpaler,fa6038a2-a3ff-441a-9819-ef8cc5ddf058
___moon____,6ad0477e-eccc-4c91-a03e-90acc9a7cc69
jerelx,df77e3a5-19ea-4138-b186-1db2971a6a91
maxattack2_0,31f50532-b2ae-44b9-9f38-70c984fe5291
tobelus,62bff469-8738-4500-bb4f-dfc173a41e7c
sebbastar,9eb3d48a-93d2-429d-a5c6-77f6d2a0a998
paradox524,e4fffe0a-5856-48bd-a4af-0222bb86f685
jefgroote,414e6ddf-3725-4327-9ffd-fd9af7856919
slyconner2018,937cd4dc-efa5-4a63-a588-aad9147acb5a
invasiveloki785,0422537c-d844-4740-a885-aec61cef22be
spidersly,56918356-57d5-4110-9eaf-6f722e5bfec6
lolbert,c42061db-cac1-4aae-8751-87be27e62ee3
liono1890,db9e74b8-b165-4a4e-ab13-21f6b1479606
dgtats,0eb3d4f6-ad33-414a-b900-172dc35263fb
venominus,856bc12c-6c90-4b19-8156-73eec21eee8b
jamesrhett,b4872a2c-0577-4e5a-9a10-7ee650bfe7a4
butterfieldtapia,6c6ee901-0b56-4e6c-bceb-e90e908b50a5
lauberal,6197d016-dae3-4055-a3e6-d8756f95a9ec
traumaticusghg,bf0acbfe-ce53-452b-a4c8-11d254d3b930
thesupermario64,03825363-aac1-452a-a8d9-ae848ce1dd1e
metricz,e642a1df-ed70-4846-bcb2-141af66680f6
jazzycat1936,62c8ff01-2ba5-4b37-8a03-285a5e5ccb8a
zallck,cabd4538-92bb-46eb-a6b0-1bbb376e8fd5
ign_dantheman,903c426e-a37a-4319-987f-1bba0206e863
movielover79,419f7175-cb8c-4803-9754-c4695172b75b
fuzzy_cow,ddd7fcd0-2bf7-4687-bff9-60aa7280db9b
irelando38,477b80a8-feb4-4041-baf6-210a2f35ca13
xmynameisnottomx,cf185015-53a0-4a73-b09f-e29c80c23c8c
yerdiez,d02cf7ab-ab09-430f-b4e5-39b698d767c0
mrmilkshakes,ba5f232e-0e24-4cf3-8b62-2442ab67ca4c
giimpi,a2c3f213-9bf3-489c-9916-29e6ec84d614
kiteiru,869227b5-fb85-4129-964c-3fd19ce6f4b2
psige,ef4e46e2-5aaa-4f1f-b931-5bd7a1860c9d
bobphiji,25f74002-446b-4ad5-81c1-3baf4c309867
essdoubleuu,bf7b1659-3bac-4136-b77c-b9bd6b3b58da
julius2520,28512219-84f9-4921-88a5-6b23cdd50ab4
morgan_freimann,debce3b8-2786-4993-a24a-206df08ac7e5
tks_loki,8b4e9522-2faf-4cf3-95f9-c52780b1a45f
wesley12298,ae98232c-a401-4f71-9afb-d93ccf97a81c
neonovx,c9a0370f-3ebe-48ef-992f-bc733529a84a
pardonmyjeff,481d48fe-436b-43b9-905d-0b16d8a7a52c
2them0o0n,c83e0d15-0c72-4082-b81b-6db258200ecd
cozyfitman,1de55324-9cc0-4a94-99e7-67d2b1e315ae
mjunge,ac29e40f-ac24-4661-a206-cf1a13e4cf12
drewiski,69d30d92-e008-4d56-97fb-74baf735c340
peytrovich,979fcc77-f5c6-4601-964b-e39842c5a6f0
joshvellekamp,4bf7b486-ba69-46b8-957b-7a0ac6ddeacc
andrew6222,1af4f553-b4ef-4cdb-83cc-b719ee89b1fa
trethedon,f77f594f-06c6-4c1d-8ed4-9e24426bd026
pama301,97cdcbd9-4835-47b7-b91b-136d9603e3cd
dunkaknee,8896b25c-e85c-48db-919e-dc5e1794677d
huxjames,57012802-044d-47c7-972a-dc1afba82cd0
sugarkayn,45a3c332-e88d-4385-b920-613f7a66b22b
diavolos2,70549018-6bfb-4256-a286-5f494ffef8d8
ninja657,1f583f33-4e33-43c5-8038-1962d44c46f2
duckylxon,aa4c0a12-3615-4957-9657-c5e206b38a16
saylahh,125b713e-2b83-4c8c-ab90-8a94cff6c290
tonylestark,f88af3cc-0000-4798-a6cb-194b077dcf19
________________,8515d561-0db1-495f-bfb6-588323ce5c45
dean99,849fbb33-bb4a-450c-9d97-c585fdedc8d2
thinkingdeer0,9384cd3d-ea7e-452d-8e25-5c797c1ce820
xhypeultra,eb17b2c3-af0f-4cfe-a763-9240ba3c469f
profiminecrafter,337a3619-23a0-40ba-8c46-6774b558fb1e
yoteyote,c057c542-9cab-4502-9148-3a5951899418
biomechanism49,1770d558-df6f-4040-a605-36d6f7f262fd
bohanon,0721f9b8-023f-4e53-a315-c10257efce2c
juicy_ginger,2c00824e-c870-4bab-b90c-14cfda3dbc6f
rise_polar,0b39dfec-6858-4d89-9370-9d568437ac89
gdff_,54e05f53-9653-4da2-b4bd-2d089685e225
skysurfer31,8a5b1377-7399-43be-b5c2-4ae62b18cecb
wenehut,15b028b4-2c4c-4fe8-8862-93caeeeca815
mrmanta,ad81a953-9a40-45dd-87f3-2dced195d1e8
titus_philus,b6ab408b-2af6-49e4-96c7-da3915e67e7a
adarmor2011,b00e3116-f8d0-4b88-9123-89378719aa15
g_like_it,456bc476-4113-44ea-90a3-d612a3fcd4b8
momoko100,b7a88bb0-3fac-4256-b854-5f2f8ad4c5ab
pauldeman,d84ee0d6-305b-4eb9-9ff6-f522cfdc5868
robert_in_texas,dd4ee88a-e93c-41ec-8c11-4b9c1d11fc0b
youngminecraft,eda52c67-5727-4f90-ab5f-0ff188ed395e
strixar,ef495c63-02da-4931-b620-5f96891a8f07
its_master_clean,d207c107-39e2-4f96-9eb9-56e9fe126ba8
dubiousruckus,c815de4f-f229-4adc-864f-85e25a4a6ff6
ljubo_26,c9ea205c-e108-43a5-87b8-69a64bd58bc5
jchnny,a1452d1d-bdf3-4059-b6d3-6c166f15fb85
butters89,c3f728b1-42ff-4e26-b7a5-975747ba55e6
mdozer_14,5bf68e67-fe0e-47ab-9f28-ebc5dcd3f713
edmundjai,61a547f8-a95c-450e-98b3-ad8bc1374a48
rusticl,9071df1a-320d-460c-8354-19e7202b1b00
lilkrato095036,1132f8ee-12b4-4012-96cd-adfc3fe2b664
smoothone,0cf4256c-3740-4b92-b751-5722c52ca3ef
kaua_bonda,0be8fa0e-d582-4069-99aa-d7c22c98a064
xxzhulxx,1aa366f0-b602-4378-94ea-4fbd1bbc384e
timiweber,ae545994-a038-4fa1-beee-69a06402fabe
plaguexxninja,61e4cba4-dcc3-460b-b678-ab572e39ad89
albertogas,c895944a-6409-44a9-ab60-6a6fbbeed703
givemeflowers,556945d5-7ffe-4d60-a826-2163fe443f38
lunashimazu,c79cdd7e-76cf-4f96-8acd-aa43dccfc5ba
mutsuzbirinsan,aa1bbb54-6a59-4cbc-8ecd-6c35e381cf25
kal34,8e359dcf-2107-4568-bc03-39be581d870e
pretofudidex,4f767688-74c8-4ade-bd40-bca83967b0e0
carcarbishop,e4d8f837-4055-47be-90ab-6a5534ac330f
sawatzky80,32719c9d-a495-469c-bbee-45c5fca91795
xjulianttv,2ac7f0c3-5b29-4f87-a207-146482074f3f
quangduynguyenq,7ce0e47f-819f-4d9c-8146-03be9d1383c1
kifcover,c244451f-0f65-4c03-b041-b785fb40ba9e
1andonlycarter,8f1ea17f-6a8d-4002-928d-6b224a5f32ab
aceofheartz,326af739-9b73-44d8-bfa1-4964352080ab
djirving,1959d5b9-8126-4456-9bf4-7b0064c53396
safemoon7,d38ad053-e124-4805-a0da-505fe22d0052
senseiemir,7168eff8-269f-4688-92f5-dcdc9f10a4d9
diosdedotuerto,d7d31295-b38e-47d2-9ca0-393de849e0f1
wqtermqster,50595524-295d-4d96-b0b5-7b578e66ab36
lordcoog,4d733c79-aed0-4b20-905d-fd4c2af41b99
jenalizzie,b1432366-51dd-49d0-a846-d127290f865d
mindfire753,99fde3cd-09cd-4bb8-bd40-bdf09abfc58e
raszyman,01d1c4b9-10c7-430d-9938-f8afa29563a0
skyettolino,eccc7a1f-1b45-4b1d-b178-eac48d4a1b10
wakingdawn78363,d8871024-1c75-477a-bab9-4dd2a22f3569
hrhr777,18196ffe-9286-492e-9a84-d41dcab40f8a
mooncraft_master,b5d970bd-227d-4869-8f09-e18d41397fee
rhyskent,4e9bd213-6772-425d-b550-cd148603c4df
akenyon2,367c906e-cddc-4856-9b95-a175d300f41b
astoral,a7ce6487-8376-4869-b6a5-8056818029f4
appolmous,dc9b42bf-fcd8-4aff-acfd-ccd701ec2c38
driives,c48a6513-6484-47c8-9f2f-ef4136b3643a
the_djake,bde2a83f-61c4-4b7c-abf3-786c7d67e38d
tr1gg3rsweet,b3f58f4e-a506-4178-a653-0e90e20f882a
detectiveowl07,a148a48c-1686-4555-818d-fd5c17e27b8b
roupz591,912e5e52-798f-4cda-a3c7-456e80429a86
_the1stnoel_,a1c256ce-1f2d-4d89-ade1-85b325392871
jongethewolf,5da00237-890f-4d07-8812-13ef7efba2ef
jackattacktl,e697ae22-df13-4463-83af-1c4b0d602311
lycanrocplay,b52f0303-a847-48b8-961d-14fa42b29ceb
mezzanine,9e28c6e6-5f1a-422c-b9b8-c28eae6d1c8c
energise847,6ddde9f0-75b4-4498-bf5f-730b739a5a61
nyto22,63fc9f97-71e9-4655-a3e4-883cfc3646ae
tru333,7fa97ab1-e892-4c74-8e86-2d8356bd58c0
marcimre,ad45eb00-67e6-4b25-afb9-3c97dfc62a4d
lukemonkeycraft,f4ad01e6-9cd3-4bb8-8ca0-d345eeae9958
nubog,e67da719-8d71-43b0-964c-bc290be075a1
friendshaver4,a6bf4f6d-9f4c-4711-ac1f-4f4a74b68481
iris_thorn,b9a665bf-e9b1-49cc-bcfb-6a421be9dd2c
anthoooposey,c5d3d2e9-cf01-4d7f-8ae4-eeba4ad0b7d5
chieftjp,f52cc9a8-7372-4711-a940-4c26c6ad702a
mekastylz,b08eed6f-c55c-453f-a431-0e4b3d668a0e
topazismining,5bd7c14e-0b14-4605-ae35-83575367ccf9
bornplayer67,ea2654c4-265a-4abb-8ab2-b5e647a9f78d
far_out_west,01b3570b-6cae-4e37-a568-8ae805dcbda2
mrmathis,c70c021d-ed26-475e-a94c-5a955e1243b8
amayakimura,5606230a-f27e-40d7-a4aa-89ffae12cdb0
daredevil2209,48b730ec-e7f7-4e28-9a2d-1d70241af567
martinmaster2016,c8021205-f46f-44c6-8263-4a9c809059aa
aiur,47d21802-2428-4168-9f55-e2f6adc4e05b
shanetrayne,ad891069-0011-4461-b7ae-1192ab34f634
alexanderclark2,15e5d603-d922-4cb7-a13f-11eb73f9656f
nerdfix,48bc3247-e533-4862-9b6b-c150b2618a61
tanner_l,271b41a9-db59-491e-9db6-36077aa58296
safemooner,6020874b-a952-46f8-b32f-5b6cf6f27c1d
marcusbror7,62d04666-7171-439a-8729-580dc4dc1168
zuesdelph,7700cbbb-1989-48b1-9268-8ee4dff512e8
smol_creeperyt,181992c3-3351-4311-9094-0a028d4aa634
mcgpfun,2cc6bdc2-d2a1-45cf-add9-86c2ff8101cb
crayse1,3f22c92d-af0f-43f4-98dd-3c8238c0ea98
skrizzybeans,26466ea8-ccba-4b96-87a3-3a466e10c056
willsunn,5ca21d7c-f2aa-4ac8-b9b5-7e6259cb5950
crazychef76,cd4d9426-0a10-4ac6-b8cb-e92f46ca309a
enosthearcher,6b73186d-0da9-4128-93be-bce8a57d5b4a
_kazumi__,a3be2ddf-8cf4-4da8-8adb-7ad540b1b85d
luluchap0,57daa932-fb31-4f4d-bf36-115a1d2f7c6f
doorlessdoor,04b88198-da1e-40de-a17b-7f0e74e988ee
taikoy,61bf8fea-28fe-4da7-be7d-889fd186bb5c
richwashere,27d2c15b-658e-4e46-933e-d9b2f12bd445
mr_joosh,45df6540-d831-456b-a86f-537a6038a2f5
uglymdfk,4f2f6105-0da8-458e-bb2b-0790762c3cbf
loveyall,820920e3-4747-47fc-8e36-dba308c098e4
fishen_chips,acbe01d1-93d2-4278-b8d9-6dfe68ac147e
xeriux,2c66f1b7-e5e1-4391-bde6-8d4d84086939
tristarnyplayz,e486ff11-2869-4208-933b-9f1f216932b6
ulysses06,ff15add3-52bf-4f8d-8efe-05355bfbf1f0
itisjessica,46445fb2-2bc6-4b09-b3b5-25b87b0aa312
dinoruto214,b7ccc220-61b3-4af8-824e-d211ee243666
marshy_1234,a83fe223-0b23-45dc-9662-afce5c3740e3
yoitsjodoe,b709c63c-a691-4878-9349-8d42d59b6fc5
kimstroke,328e0bfe-1e62-4bb2-afa5-6acce979f9d8
musclez,770fe024-16f5-4622-82e8-f3fdfe92e45a
mshl,3dfc3fad-bb56-4b86-9a33-435c19c7ba0b
dxvvy,bf7b06df-2ffd-4e27-9c07-b2abbe486a98
rabeen7,7166ad5d-8b4e-492d-a918-2fe43642f2f1
colecoolegaming,29e6ec62-38b2-46dc-ac5a-6c759bd4fa66
colonel_clu_fu,fb9a6c76-83d6-42e9-b264-2418a01bf8d2
mobtecht,a397b789-7ff0-45ce-9bb8-360196ad9049
mert117,3d7cd80b-31f2-4d7b-9e9f-0928c1bea056
keverh,96d68631-7544-4448-8813-7cdf0a3f4db8
justrazzo,2ee01923-f0a1-4cd2-92e1-feccdd81ac88
oquacky,69050495-11d7-4094-ae9f-ef4a0164a235
spectraltrout95,d75aa7b6-5c4d-402d-8e63-7b791d322fc3
aryyolo,3fd9f0e6-6996-4fb5-89a1-38885f60abf0
bj67,37321465-8a13-49bc-a801-4cfcae658851
poobah89,d7d87395-bb8a-4e1b-8aff-7b8cd7287ed5
sinxaoxd,2c9d77b7-8bc9-41ab-bd32-6fdf0bf0a1ed
_viikinki_,64404fe9-c881-4600-b288-555ea3b38d04
ingestmymilk,4c637623-56d2-4257-9755-d354d30937e0
pixelninja132,76f2e014-d775-436d-b95d-1b3f14ad174c
wildmandude,fda99b26-0515-45d3-9a89-704fa649e23d
macwayne,adbad9c3-0d99-4f5d-924d-fe0ed377c5c4
worthiergoat779,33ca8e88-6371-4113-b91c-fb518c31b155
ziph_,110253ee-c833-4f89-b989-f36436e9f68e
luclear_,908262a0-8d93-4c08-af55-6ba2a97d5438
wintercloudgames,9efc2897-0d88-4896-b7cc-6bf48de7e621
bojan_jack,a5974882-c536-46be-a84e-652a01c9a66f
tonysfm,82e90522-b028-4668-baf0-a39d53ba30bb
storableox17087,9f8e2b0a-cc59-4b5c-a803-a7e6dd745d36
cuzimperoxx,191fb73c-aa21-4901-ae20-c51fe7faf219
memph1s,bec6a24b-6820-4448-b991-9ecf30bf0fec
adiados,6bf3704b-dc03-4cbe-9d2e-2277b0a7aeec
mr_happyswinger,d9088334-3ad4-4244-8d1d-67512744fb9b
snipehype245,6bc662a1-ec8a-4acd-919a-fa627d155c15
reximux,ca888ebd-8f46-4d54-87d7-37a7ca40cd35
66710995411,6c12b8ce-19e8-400e-a676-e1eb45d64c1d
ahleetoe,2df336f2-41dd-405e-942a-e5e91fa2ae6e
bellocvoltbilar,0eef2b14-dcde-4b89-b007-f93ece4191ed
puggypig12,74ab68a7-6138-4e75-b7dd-14c57a93644e
datguyalexx,5496eeaf-293e-4cfd-b08a-47a0c549a66e
beetle28,c180a330-4779-4661-9c33-ee4623baf912
tngxcod,fdbbd4e7-3603-45d6-9c41-eabc838454bc
polski0,4f77e632-6acd-4c72-83b7-44dc49acf10b
cebelian_offical,8a54cbda-bd67-4127-ac3a-0ff4ff50dec6
excelalec,c3b1ea38-58f1-4c84-9a48-b8481d2c2b5e
seniorburrito,425ccbbd-0de8-400d-afbe-ef612b0dc651
kwondilla,8283127d-dd00-4090-9623-ff4daa5a1ea7
og_saifufox,4fc8a9ba-ab65-4bc7-9e9d-5755b814bf1f
ascendinq,3c8c6693-d128-4616-b431-758cad30da30
ezioo14,13ace48a-6cf9-4218-9d6b-83d6bd1311fc
tonydahtiger,83238fcc-4db2-4229-b519-adf66ba7980a
101wade,d073e438-6196-47ea-9037-2e5ce9a1f637
tikizissou,b7dd2275-9ef6-44ce-84e2-d3e55d51821c
kingenffs,9627755f-0298-4bfc-8f99-918f824ec6bb
xanderraiden,0552a3e8-e0c6-4dfe-8659-d6687e1759b0
libengood,7cbb3049-41a1-4e0c-b98d-1c6aede28c3a
upz28,b9ed6328-207d-4cab-ba94-71effd8e00d6
lasfar,29fdebdb-4bb5-428d-a17e-0519070fb170
tomkev300,0af35954-e545-493a-bab6-b6815877a012
dj_raymond_,c0d14ccb-80d6-44e7-afe2-42c303e3a7c8
iyasluna,4a4a669b-8920-4a4e-ac3e-a6eef13a2f5c
byalphaa,a2aca717-48cb-409b-b3f5-fe05ad0b07bd
huttch,a86cc858-3057-47fb-abb6-def1e68441a4
zerogravity,c809254f-6b71-4ceb-939e-01e018998798
ugliie,a6a32006-3281-4349-89ed-39a299edd8cd
clb006,6e6a799d-3708-4696-a319-9f5c3ba90377
ivyuu,09b1be83-c76d-43f6-ae49-c1c9b7485563
vetikkje,22fe43c4-fe6b-475f-8c66-6a94609c8277
carwins000,be0f6b28-4a12-4f5a-adee-196e2e9c5373
667,9d671cf6-d67f-4326-9944-cd4941bb7031
danbilzerianbr,25393518-8541-4543-9fb1-866d7b5bf8ab
celeron14,3f49c8b8-17a2-470b-8698-3fb4b0cfdfaf
copperpott,3b7e0d10-743f-461c-8841-ca33967729f5
snotgoblot,51695ff2-cd28-45d1-8d15-70245a1098e8
snowbeartw,4f6b5e4e-e287-42f1-b27b-bd4631208503
saltysimen,8acd3bae-9eb2-4466-a5f7-8730d4c2ceb3
creeperh454n,397e4304-a739-422c-aea5-03e0f8b4c42b
amosolidu,b85f5795-23d1-4093-832e-beb09d693900
papa_stalin33,9af81ba3-8c48-4292-b906-de0a6adac993
rip__peep,db9e37c9-57a0-4fc4-9c2a-d7808f0f6dfe
tgray40843,0fe523ff-09f4-4147-82a6-df5ab5a37027
skyche,5384f0c7-7c33-4f37-b349-d5df51219e29
frizzlenizzle,ffb9072b-980f-4dae-81a3-1d50c87f9054
safemoon_8,e4daf150-aa55-4465-bfd7-fc6aeb9dc03e
watchmedudiz,1918ecc2-4d88-409d-9987-d204fc72b9d9
dd70nova,486676d8-0b48-44eb-9400-1b5684f8435e
mietjes,12bfcf21-257a-4f56-a8fc-f56513b1f00c
veeschnee,e1a73fe1-8081-4361-82e8-80765849797c
frenzyswat24,4f274457-365f-40d7-ad76-30912f2046a1
popo62119,a7a6f606-5b64-47f5-b6ed-53bd16aa07a3
neo,de6cf9c4-2c11-473c-9794-0e9aa76e7d96
shackman7878,4245826f-db11-4237-a66e-6dbb1cfab53a
trollis112,ddf94334-cd8a-4a62-a8e7-942ff8facec7
hifiseven,78ef3d5a-aec1-461a-bebd-9d300b1af580
dinomic101,159fe703-15e2-463b-82fe-287f2a10d0be
icebluegamer,3bdc0ccc-c611-48ac-8c0c-5c182496cc46
circumcisers,f5495946-7a95-471a-bd4a-b9c813918d34
moonlitrocket,b7756c82-1ddc-4204-ae4c-e91af58d6e2c
wpsimp,a6b4a04d-a057-432f-8a4e-a8d73c8230f2
pleaseonemore,ad946810-9941-48ac-8aa1-368bd1491801
lieutenantlmr,5c620100-0b31-4100-bbe1-13ecdefb5caa
rainborn_,f60451da-91d1-4cd4-a981-a0346ad72b40
boldparker123,5d32426c-3105-4256-988e-d4d64c4db460
snpr,43b1f9dd-d5b9-40d1-ab12-69f5d0b32cc6
soyjonny,0cc0b4af-c0c6-4d6d-92b0-2625e654a51b
gamermike8,45dc70e0-5aeb-451a-9c72-1bc2a09cd23a
mr_maxilol,d6ed2228-dcd3-4fcf-b12d-59ea2d9f7a5d
ouedd,6f3ab550-1d41-45dc-a3f8-ba4507e35395
an_ostrich,b3c8b064-88a7-47cc-b682-0275da6c2cca
indigospizza,87e2f4c7-c80e-40e4-99bf-f9b8da09936b
kidwade,bc5dcada-2e0f-49bf-9bd3-ad9baef7a889
swami95,25b43271-6339-4e9d-a581-277d1d9683d2
fritzpunk,b098bfe7-ed8a-4cbc-ae25-c57619d5d015
snowiestgorilla,3aaa8745-42b6-4bca-b3ce-9d00be1a18cd
naldilias,1dae361a-663c-4d7d-922b-7f650da959de
sofocused,3b1e38c9-e703-4638-8885-d6f5f266843a
mendem,9416cdfe-43b2-4ac7-91c2-755f70894440
legallyarson,e1e51639-97b6-44ac-b697-69c82b161c2c
pablochuco,8218354d-ae19-4d67-a9f8-e5c600f463f2
susblackimposter,98be3ad1-c9d7-40aa-9204-583b0986e83b
sowingurcher80,33cfaf32-43e7-4cc0-946b-f6d400147188
spossy,e7f623ff-fc6c-4559-8bce-4fc98a6e2cc4
trancehot,6b383fd2-feba-49ec-9eae-ec5e906ea476
nulla_,28efcbaa-e2b2-42cf-ae42-2e03b352a56b
androidl0l,37df67dc-7e4b-4c46-a965-a081f28b5f28
ford0415,e1c07dd1-8348-472c-9442-2efc48e1ab8b
scorpi084,7580b993-f8d4-4173-a738-11bb5a865bbf
koolcaralert,f41b8414-55f0-436d-81fa-f99221880bb2
duffylotsmen,61f4fea7-f50f-4b6d-999a-4d8318d7fe5e
gizmotech1,44f7a4cb-f4ce-4c2a-9ca6-15ad2401f680
ixsxaxixaxh,4765c39c-ab5a-4a58-92ea-abff48491ea5
bushmaster13,96a96a61-3551-41c2-9774-067e28b32264
quantumgem,5f26c15c-c489-44df-b8c5-22da5b0e66e7
spacefrog69,122e8d91-6019-4b48-8cf7-f7b12778b8fa
manuel_xy,b342db01-200b-406b-a4a3-59f9c97b3cd0
horefighter,79d94d56-b6e5-4a26-ac49-e02489b3e5f7
1998marlon1,7eebd7f6-e753-4566-b776-818beddd7018
shanvhere78,83e3e144-5454-453b-bb53-f35d55ea6f18
cops_are_gronks,76a40344-71dd-4344-ab8a-bd11f1449669
kirbystar200,9682080e-4500-40d4-879e-6d1a811f4f82
barrepi,8670709e-955a-42fd-bbc6-ce84391b47e7
sektnan,cf1f2b4c-224d-462c-99cc-ad9508d94994
sucubussy,481d48fe-436b-43b9-905d-0b16d8a7a52c
poluxus12345678,ae275a12-1cbc-4b63-a1a4-69e3576f92d2
nortyfied,637c04a2-5ee3-4e65-a63c-ca0adb444ebf
aka_moritz,ab397db2-8369-425b-8ab7-ed5c6b7029fb
beta_____,d1d0f399-5597-4e5b-9074-a52837eeb1c5
driedemperor882,21290bea-1224-4a69-8e7b-ddcd4ad90b69
wolfax_,09a46626-e896-4c6c-bf42-600622bc814a
archermc,25adb195-b6eb-4199-9c5c-d24fde68085a
koalaz,15c57d49-e054-4831-8742-1a5aafc47935
astima,5ad9e743-d68c-4c2a-9830-ebf35a844ab0
gtao,df654ca8-1f63-48c0-96af-7339399ff1df
loyaltttttyyyyy,57396826-f3cf-4218-91a2-aca11811db08
notchiyo,d1f72f19-79dc-4daa-90f2-be409f380261
sneakbrarian,b69a9ea9-1db9-4eeb-9daf-2bc4652d3c92
sirliamthebrave,da99efbb-24c3-40d1-b34c-246ae96ae59e
chefwonka,7494701d-c308-4f6d-8ef0-f9e9b60ae1a2
frangan,69213d77-29dc-45ec-ae20-592da1b07588
qyrana,627e847c-6eda-4c37-8a9d-5dbd44315434
tab0uletueur,d355cfc1-4a3c-4f87-ac4c-c287136108d5
blockingbelow,2c723501-993d-475d-9119-153477e13855
biokin,20b8dab7-ab4b-4754-b157-e36138872f3b
satori11111,e16bfce8-8d62-433f-b893-495d36e81071
unkn0wn_812,6fee0a64-167b-4e2e-8d03-476256274127
zubeysweet,ff60d774-c481-450c-9acd-8711105ee964
cold_heart9000,0b0a3aeb-a4ad-45f8-b6ec-7b4226a596de
deathstring60,99eedd02-23e6-4f82-ae9e-cd110fe0f880
lassty,d0880fde-417e-4ccb-9a10-e4ff35cb2552
pc_wolf,05c16b65-65af-4ed6-9655-65110272dd28
kittykorruptor,89bedd1d-794b-4282-bdb4-2cf6c7a274a9
midnightprinc3,546515b9-21ce-4bb0-bc3e-6127993bcb25
74th,c250b81d-ecfa-43ce-a238-945ad4f22b17
odavideo,cf0be50b-b2b9-4669-9bcd-478c673c5c24
gabrikaz,d71df1b9-0d4a-4e80-b6ab-d4a8eaa94d2d
aryatheunicorn,61fc4ac3-202d-44ed-b155-8e243102d35e
dudu54330,6ee8cc15-7dfb-4eb2-aeff-ea19099834e9
louden5763_hi5,51911822-b1e2-448c-8240-fd07566b0a52
dog_dude05,66dcf9c7-99fb-49d5-adbe-e94976da34db
norikov,7686af35-3f2c-490c-92fa-e193ccfe95da
soxxxyy,969a9670-25d1-41c2-8f02-0a43e0a2b2d1
paul_apodo_azul,3f7fce8f-d9bd-4cc8-b003-3c50e9433840
greenpeasuit,881cdad3-8ea2-46bc-87f6-93134f08f57f
carmenalexandra,88508df2-7f0c-4244-87ce-6cd22d83a106
kalebesantos_,51683932-5864-4ba2-93d6-ed409cd07b57
kirito660,2ea0b619-386f-464b-9111-c9402dbad261
lukiot,a230b153-b218-4a49-bdc1-a50567399039
andrej1010,aa3f423a-3cd4-4b99-a2cb-151980767563
romillus,468092e6-76fe-4da2-a70a-646208946c0b
squarehd,3d08f3e7-e534-4866-863d-26537ed33002
makavelore,92b847aa-bb4c-4bed-89af-de307178357e
mehd1b,ac9276db-1e29-4269-8505-fef3de17d893
errollgnargnar,3b9d3e0a-9e35-4826-921e-b9f938f113f9
helleagle,f668b33e-203c-4263-8725-93ffaee88af7
safemoontee,320b2137-752a-4819-b399-e916b637546a
sal1td0go,dd8344ac-ec77-43f0-8b8b-5cd3aaa77a1e
idconfirmed,6b23291c-495b-478d-9055-d0d151206bff
superarcher,1c6b15ec-1779-495e-9dd0-82acf4cc2fba
antifederali,0b0f3a02-6dd9-41e1-979e-1a7877d19c86
starboi33,1ccc6dd1-c1fe-4d84-90c5-ada983baaa47
beatlebeat,45324a79-f930-454b-bfe9-f19e0de28a75
epsilonzero_,81205248-800d-4f11-be86-3509a57d196e
tnmreeaper,ec0e75dc-4816-4f7c-81dd-2ba583e93db4
egirledenion,98be3ad1-c9d7-40aa-9204-583b0986e83b
jugo88,53e30270-c7a4-495c-ae39-025639ee0e0e
bloxia_craft999,292667e2-dd3b-40fb-8ea7-41b99e49bf86
krokodyleklesny,90d662c5-4f3a-48f5-957b-b224eb95bc35
chikimundy,aa3819a7-c52f-4ab1-9def-08949b8d5ae3
mikla,f45a9d67-884a-4d51-99e3-31d6dac25db2
firerubies,2d36df64-03ff-402c-b87e-e8d20da6e27c
ultimateporkerz,8f9bbb02-f7cc-45e6-b977-a893d6c89101
little_red_ninja,5f087af2-e496-408a-a7c2-dc1ef37e22fe
eakill11,7a80997f-0b92-4302-b6b8-fd14036f5145
x3denicx,98be3ad1-c9d7-40aa-9204-583b0986e83b
soph_25,08a919d6-7dd0-47f9-a6c4-dcfc07eece8b
cheesychin,e9ae9c4e-319f-40cf-a0cd-ebdad8afc830
magicmurch,3b150693-6918-417f-bb62-9c61c88ab50e
raluca,e624084b-dcfe-43f5-8873-873def6a5a10
olivermen,18f14b67-4eb6-4d95-a41d-b23bb369679b
fortbuiilder8,c9353f9f-ec9e-4fe4-bbf5-b9f8f1030a41
glitchrah,175f727a-d3f5-4152-b4e0-248ab14f164b
leytenn,d289dd5a-fa5d-4d85-8579-4dfcba5762e2
nema_boje,effa28da-8de6-4763-ac73-b7a548751554
its_peter,bfd3a269-2f52-4fe9-8919-2a9eec536ed2
kevin06g,04f8641d-5acc-454a-a03e-68b20eaa4a2f
levicat05,ae2f9573-0dd7-44e6-9f6c-574b563e3858
safemoonwhale69,575b1023-526e-4a0c-80b9-adc8e15ce42e
bwaab,59d6d29d-6118-48e6-8fc7-19d2257075d7
qafter,2ca26c31-739b-4492-9782-f5e6e276c298
pandapower9998,bebd8955-a99b-4649-b5ab-8ff46b4b97c4
a9db,81e4c447-19c0-45bc-8860-db6374a1b13a
masterizoa,26855ccc-0bab-41df-a58f-187a3bb6c739
noomefas,0af10d84-71cc-4db3-8acd-fc6a76e0345d
sfm_titan_xots13,61fa9099-6da4-4386-abf8-c5ad420228a8
corn_vr,111df02b-65fc-432d-9f39-9c9149fa83aa
kirby229,11697067-273b-4644-b4c0-363db4a8ddf4
john_fortnlte,b145a60f-60e1-4ad3-94fc-12fdb49b604c
justcallmekev,aecf7656-29fb-47ee-b728-c00c1337beaa
torumumin,83a851a2-54e8-498b-8cb2-97a0a254f84e
vinzenz_hbr,47f9c57e-1403-429d-a7f5-10c8e92ebf92
camerondavidson,ca26eaf6-f9c1-4069-96b5-df221257d8ae
brent_yt,157708fc-d6cd-4cf0-9ac2-9dd4e2251b54
dorkasoris,e23de620-98e1-4e6d-b3a2-2fbb024d2459
drpsilo618,a2ad5b43-1537-4ea3-b433-3d1a3e7a514c
psycho_clown_79,27bfff8b-4948-448f-a6ef-5d95bf0abece
puternicu,07dd22b8-ba66-4db7-b28b-59290b91e7c4
potrity,b88456f2-6276-4c0a-816e-35036c25a852
viktordr,07947488-af84-4b47-9a73-a185f7fb0332
dohom,fcbb9e2e-8067-4030-a8fa-cfa7aafa38cb
luckeg01,9cb55473-95ad-479c-acc8-e1eec851a9d1
deuskap,a978c716-f0c1-43b0-a320-840a109bfd83
95error_exe,eafec163-fbf3-4fda-b083-75c7702d7697
maurris,3ddd380d-974f-4f56-ad5b-07ac284ad0dd
nberboxed,a91737ba-5bf7-431d-9c67-3b8481b8e77d
cxndemned_,ac46c2d9-5961-4404-a3af-e78ebcdd3e0f
cashxchris,2eba14ff-e280-4ef8-91b6-8513a8b1d7d2
fettucinne,259f000f-1ce2-41ef-8f45-f165f204b821
moonboyhammer,04d87a2d-3f6a-4bc2-9394-9370957d5e4a
rilakkuma32,f64fe552-b3c2-4545-b8d1-4cf5e3be049f
mazeofhell,e8a7c2fe-d845-40f1-8e69-925f7314901e
omegaftn,eb200362-ea1b-4386-84d0-19eddddf39eb
hylian_hero,be3de444-5aa2-400a-a32c-6b335484d2dd
bloodytankninja,99dccb6b-7b5e-451b-82e8-50eee0c2615c
bungeeaumond,664dbd26-66cf-45b3-ad54-57767577f8bb
smellypizza,425fa076-cf95-4174-b3fc-c57943ebddba
stompit,562e265a-c718-4f4d-b01b-2c9e349618e7
vriedlinger,dea53336-20d6-4b77-b02c-5e67fe83a1d2
bananasplit3232,d1ad87b0-090a-4634-9a72-842a5fc6b4ac
privatepuffer,c18dab6d-c40f-4945-b799-ae56dfb64e2c
thought_gamer,4ad1255b-04a8-41b5-982f-3e27696947bd
officergibbie,15fa5126-0b2d-4b52-b1af-abd4e8c2a89c
moonbasejanitor,faf98b4f-2578-4cc0-8abd-f62261dda4b4
grifter_cxv,309bb75f-3ba8-4b02-90e1-367f20e86a06
icecreamdelavega,323b525e-8b71-44b8-831a-abfa5fcec72e
laxoyt,dbc4e440-2ac7-4b7d-8bb0-16a66e3e3a52
jojo20a,1c3bcb22-d774-4981-b4db-1ed824c0d6e7
unsafeobject0,252775a5-34f3-466f-b75b-171c3a11c4aa
principedemon99,94bbc6b7-6008-4754-ae12-3ba9f3cf5b80
3l1s,906436d1-5776-4344-b115-b3e6a79fa8fb
putuinacoffin,9f9a622a-0541-41c2-9269-8f63910cbc50
raluca2,fb22dca4-24ce-4a30-be86-7d7676422982
tatthetreedome,94be88a3-0fba-45fa-9b1c-189af67537c7
waffolz,b5e3bccf-b832-4a92-8aee-274b2509998d
scruffyo,0b3c9a46-5673-4486-8c46-33b9c8b3adc4
l_pug,86b41669-cbbf-4497-859d-ca791307934a
whiskdoge,bec00805-1a4a-436d-8037-0b8af639b6a2
andergng,38a4735b-cf35-4984-bed4-d928906ede19
steve4270,0416b908-24cc-4d17-84ea-f0807bcc5f5a
xberatagazaxdx,c6947478-8228-4d8d-b7b8-67b5ea69f96b
kingofthenether,44e19942-976b-4882-8bd3-316fda31606c
chuckmaster6968,db60e03f-e078-4777-a0f3-61c5e986de05
xbeatz14,e31cae7e-aaa9-457a-bd9f-56221e1e15de
chublit,6ea1bdb8-403d-482c-9960-0817f2d365d3
_slo_pvp_,90628cd5-0194-4d84-b68c-2aea14e0f7c2
edenion,98be3ad1-c9d7-40aa-9204-583b0986e83b
noelle_the_druid,a56110ed-d79a-48c5-ba13-2d42aa7f864d
theferret55,e1f76a4c-a21d-47e5-a16e-454dae386f3a
pandamagico,45cf270b-b6f2-4f21-8a50-9b609a1c33af
n3t5pli7,b0766311-1f73-4a42-bace-100145aff3aa
rythegamer01,6a06a41b-73a1-4c47-9b9d-e672ae541f51
crizaber,04d2f993-45e7-4d66-8609-3b5368162a75
knowhtimsayn,0d9b652b-2e98-460d-a0a3-3782c9057161
wholesomeguide,d791d020-bf72-4216-a6a0-30ad4419cbb3
patrity,aec4c6f3-dfe6-4f0b-8489-114f46c6c2b1
stealthspy007,21180022-580b-446d-ae14-d1c0605d3d7b
treppen_,46755a75-841a-45f2-9fa1-3d307d8210cd
fattyprideparade,4c9d9cf8-565d-48de-b771-3b105fc24ab1
mcmoofin,3026a5d6-4ac2-4a73-8328-e69360d6ff61
da_buggy,ea75f906-b8ca-4a0c-b34c-bc7ac8fdd827
synthryder,c1ab5687-9dfa-4099-a05b-18206e6f5182
keron320,42788be8-1720-4bc3-b2e5-1053d0cfbb57
chackacraft,1a8b1e78-7acc-4ab1-b532-af7a26130709
jayplace2stay,517ebfc3-45ce-4d6f-86b8-b94961941f0b
power_pixel68,86b32896-480a-450e-ad65-f82bbcf855a9
toxigon,089ad807-e3d7-47a7-bb7e-c22c27669ae8
delanothje,180b7f40-7ada-4e69-8030-5dd4a5f1aebf
chrisw329,a1a7e70d-4ac2-4aee-a5a7-20277fc2e2d7
groebiewan,3637bfd8-2baa-4728-9af8-3c26be80dbad
mortalex_gaming,911e395a-1165-4ca0-87a2-66748dd947c4
llama_lordie,8a9b08d4-0dfe-4cf2-8080-c8f9809e1b76
cra44ord,88038d47-3be1-46a9-9e2d-c969d827f0ee
brent_cool,157708fc-d6cd-4cf0-9ac2-9dd4e2251b54
dogoisyeet,cd03bc5d-3b4c-451a-b0ba-1c3a99326794
captainpqtrick,e7513052-1458-4111-a64b-d7e32c8ebdea
tristanistired,431e3067-cac5-4499-8fc8-eb598dad73dd
jay_pea,dcbaf8b0-1d0a-4e7d-a2c2-b93eca457834
pingargentino_,af9e1a0d-72cc-4c85-9f05-fce69e658740
sirdeafie,8e9d00a4-65de-4a9c-95b9-775a7c796a64
joeygames07,89db0a9e-ea70-49cb-84a4-4576fa83b3b7
lolonks,f393877c-ee96-41dc-9198-66c112d4019e
nidojo,08d37bed-9a26-44bc-8862-04e57a621136
420_marcel,77872d26-b025-447b-970e-df895596ecb3
xxmasterderekxx,f30d6738-7d69-4d56-9d3f-04100d885399
wickedfreak1011,a6116c1d-9a6f-42fa-9b66-8182408a8e49
zozomin,8d303009-4839-4985-bb39-781b5f3c519c
kwapsquared,19db9062-13cb-4949-aded-c5010bf1c2cc
chihero,a4be4123-6f2c-4496-9e12-b326dddcd2d4
ibullet,b325e630-5940-47f4-ad67-6a335c0be55c
seaboy98,de876851-be9a-49c1-8e33-1eb0c1052949
diaryofadogman,9618e554-e798-4a99-8d26-b8423cac973c
w047,aeffd1b5-94b1-4964-9cc9-83f3e4f9bf43
kingdavid69420,fb1ad765-ba66-4ba2-a8c6-3fc25a5b3c71
zucrni,4cb00d00-e7fd-4d25-81e2-a4af4f05d032
buysafemoonnow,37cd7bca-6557-42ba-8e32-be0c0d582e5f
mindcreeper,06c8f957-1536-4f57-a7a6-0d399a6e4246
spooderdood64,f774e875-e889-4a32-8fb4-bb606bbaedee
staticmic,250dd925-b0cb-439f-9164-e09a646fe3e0
djomen69,414868c3-66a2-4731-9599-12eed5c6dee4
f22blackbear,73542ede-963f-4b31-868b-fa795a1e6819
wcx987,66798e76-7d1b-48e2-8d93-2e2d7c8c931b
xfadedangelx,103518c2-1076-4300-a543-87e157a9e6e7
j4ckw4rs2,992e0c9c-7a87-4afd-956f-e49f1645b5d2
zoli1996,fe4cd86f-4360-4708-b51f-8b2c02c6edf0
bakedpotato7152,3479e7d5-96fb-4da8-a9a0-a1e5133d856b
yourav3rageghost,c52df555-ac07-4654-8eeb-50f6c2c2a1aa
deancrafting,cb66bf5f-6eef-46c8-ada2-5e9686107522
lobo366,20a79364-bbcd-4612-9399-5cbceb7e26ff
beser04,f27c1f43-aff5-4920-8843-1f3e2786bff8
laughs_alot,68999cb6-592d-402f-9a1a-f74b202730f1
forster82mc,fa7b7bd9-717b-4509-92af-398369b71332
mrashieb,a9031040-d2c1-4e23-b3c7-4cf36d897923
narrowarrow1919,997e5cea-5b7e-4577-88db-e70f41db3a79
pnarfie,d903b5d7-d06e-4724-8ca0-19edab044074
dashsmashing,2c0ed476-362a-4b57-9f8e-8b5a28b2aa9a
dragongamerhd,7fbc525a-bf47-4d5e-a990-7b630ffff84e
soccerboss123,6a70901e-be3e-483c-a754-0519dba86762
nrgpvp,8f23f147-0852-4549-b69b-a81cd19a056f
funnygoat,0db68704-3431-4606-abc7-7610d59c7561
ifrax_,7fb48e22-2c0e-4f20-a388-5fb7d27f2d6b
nathel,23bdb981-cf9e-4ce5-a3ba-4919c9aed61c
piisexactlytree,0e3df907-e88b-4f61-be78-00cc79c6f9e5
adventurer5750,3a0efabb-6660-4a48-b527-fc8841d5b2e6
wispmaker,739d44d2-e26d-4347-8de4-ac41aa0f2181
areaweare,495947d1-4927-47a8-8f2b-44a71cac868a
imriviera,ecd28084-41eb-4ecd-8d75-9a7c5bfd3666
slaytann,da865fc6-2f6d-480e-bf7a-fcd7553ae90f
bill_hunters,66f77bb7-ea42-43f1-8af5-18a100adb5fb
fartgarfunkle69,b76e1040-c38e-42b8-8567-f888db5374e4
mebenoob,3c10b0f3-2291-44ce-9a4a-63e610a1ceca
strale,ac50e8c2-003f-4aa8-a3cc-4dd0c4294057
pedacodeesterco,0006027e-b882-456d-bd25-9ec07cc9817c
colddna,83b89a4c-420e-44dc-aa47-7c30adc89f93
cryptoatlas,6ac85caa-b009-4af1-9d39-25a92963a467
gamebreakr,94b74451-371b-4a5f-9804-0c30b33abb18
hkhlil,13d7b28e-97e7-41f2-bcb0-d33df6380104
elsalover2014xxx,ea5665e1-6b4b-4ba3-8780-d9efd1eb9480
pyxcil,e8acdee5-8f6c-4092-b470-7ea1aed92d42
duckythefirst,b394c8c0-aef8-4a8a-a3d9-b3fc1a453e43
joeguest63,fcde6acd-9ade-426c-a5e1-11c874b61557
colision,1f52e21b-1695-4d80-a6c8-76c577e477fb
rosalie,eb1ac042-789c-423b-ba14-aa452ca5ce6d
anotherenigma,48b9ba2d-d395-490a-a020-5bb05b331031
lightningtrix,4dd47ecd-87c4-4a8a-b4b9-1cae4813cb10
1diamondsarecool,93c32ed7-0bd1-480e-97fc-8db27cc81e9e
moonala,57d9a069-0e66-4b66-abde-73d40dfd040b
jacksterc1256,d58a275a-681c-46ed-a779-c79a430ae917
safemoonjoker,5039950b-313e-4100-8592-e6f265cbbe28
_firefly_cat_06_,47178981-8960-4564-bd13-e2777ad4a3a6
1van1cn,a38a082b-d14f-4e9f-a6db-3b45f0fe4102
sikarria,05320cd2-bcdc-4f33-9c0c-7839d7214b34
aryx,bd185c2e-0aef-4e38-a36f-0000f876be5a
teddiebear_91,b0d7221b-f55b-4a4a-93d1-6e705a97842d
lazerbeast31,8340ac36-0560-408f-af6a-113dd6548233
nivariax,f9205bcd-587e-462f-8a87-383d01ef9ff7
burgernomnomnom,b50de289-ee88-40b0-9842-7d28aec169d9
puwug,a1d85b53-3504-411a-818f-e0420930b0c4
eexii,241e3a1d-d0b0-49b1-8b5d-81ee64bdcaba
iguessrandom,9f18756c-4ee6-4745-9ab8-13d330e315ff
mimonbaraka_67,8568de06-5a76-4e54-b9ae-d337f49f1747
zachycruz,76404ad2-06ee-4c71-9c99-67df9a90c6e4
galisue,b7f7030e-1075-4a8d-b94f-1002fe4c334a
cambionical,b1f585b5-43c5-4395-befe-c671ffb9f110
fryes2k,bd2eeae2-d831-488b-bb0a-6538110540d7
clijmart,ae5c1e91-745b-4a6f-a337-11484ede6957
tyrant_yordle,4d61dddb-9f0c-4e1d-8486-9014aaa7cd20
thehenchestbloke,091a31b5-2b89-4736-81e6-a84684562a61
ramsaii,3e620987-eee9-4ca4-a3ba-eb92328810de
mcnov,fdb8673f-8e8c-407a-96c9-044fd925b9d9
piotulas,1de6d6d4-5950-4637-bcd5-497b9c091417
fallet_,bdb5bc67-a173-4ebb-9b04-51ea978d0d4b
rugbysta69,adca0c2a-542a-49cf-90f6-739bed15e87e
ansel_deseronto,ddae2d9c-a526-4330-afbf-a14c362ebf2b
racback,eb6d0662-ae12-4160-a208-7e997e193aba
miefew,9f7cc4d9-65bd-4e2a-985b-33efdc19352f
pincushion74,bf609892-4b0d-4917-a84f-d64b2a8c94c9
tahall,2a56ee5b-86ca-406e-ae37-d36ccf837564
vibbysm,52982494-8a71-4f3c-8872-f1781d618dc5
cyb3s111,2c4a419e-e303-43bf-b755-9f347a96174a
dmanpendragon,35f32748-0ff6-4a9d-9e28-b30643f18a55
chococrafte,77048072-9ce7-46eb-8405-59cdda8b2bc3
clij,74ea55a9-314f-4965-a777-b46417e58319
jollyrroger,fe6286fd-fd38-4f41-896a-33bae8046f5d
bedless_josh,f4fefdd9-bfb9-4c05-ba98-25a385ab621a
ricecake321,1375f972-6adf-478f-8361-b6f793353e5f
skipperscar8482,947b4ab7-472e-485e-a24f-a1f5eaaa1eeb
billybobthegod4,7035b820-7254-4888-ae8f-c730f2f277e8
crypool,4631f968-eff2-4059-89d7-5bb6491c5528
safemoonmaniac,8fddf950-d37b-4384-9edd-e0784cfaacea
mattmelonz,1b41d2a2-021d-4e1f-a7e8-e44455b7a432
saintazraelx,d9ae727b-f6ba-41ee-b84d-9bf4a0c7f034
4_way,611b0aa9-9e59-4fb7-b73d-1f32fecc8f9c
killer_bot26,b288c96b-c874-487c-a024-0ef838c1961d
mightykloon,9011b43a-867e-4d1a-95d8-8c3c85d78780
public_paranoia,1c6b15ec-1779-495e-9dd0-82acf4cc2fba
dji82,bae0c3a5-3c58-4116-a626-24e3d4720d9f
manjaxd,75dd0549-48cb-4c6a-908b-2ba68c029765
zonkedtrout7923,ec0b9952-3301-4dc3-85b8-474532080831
audiosergeon,5a567f0a-9ee9-4675-b928-12e02c186c58
jgeskens,4f0a9a33-9b4f-4ce5-baf7-56e3742aaff1
leocosta2002,12b54907-e1bb-47b7-b1e3-0f1e4429869d
gencen,2e34a51f-25e9-48dd-9cee-7ac61f8422de
a_r_i,d8663c18-bd00-4713-ae58-2ce8dab9a362
goodgamer3606,75c4940c-3e5b-499d-bb96-2938ba81f78c
thecatta98,96a34334-1cbb-474b-9019-8c9c0c360165
aiko_seiren,b95ef050-891b-4a54-91a7-676f10e83725
mumble98_,fe0b94f4-5399-49f3-998b-54bad35da102
dachu_,75a7fea8-4fb8-424d-9398-d9c7f2c123c3
mrcoolcool,93952e02-5a3f-40ae-8832-5af0883f9269
lucasdesigns,909d8dff-a8a4-4ec4-9d6c-34af8450cd5d
jtmorton2,601d8f37-b009-467a-9ed2-a2966dc177c3
bensor999,21ad878f-6def-44c8-806c-3dbf3510b52d
jrbluup,8d6bfc5b-1416-4b84-aa15-e0ce8354a088
lopsyreals,d78d29a2-1b3e-4441-a0fe-099cdfddb970
nut,cca0bbbd-7ce9-49f6-a01e-83ea9a0693b7
rerx,d54e8bc1-9bf6-4147-84e6-b790ba5c67b7
tiittlywinks,4c0b05ed-782c-4a5a-8b35-760c79401517
yanzicka,26af6182-e5cf-47e2-8259-d6bb9f5925dc
teladsiuol,39c96d27-5da1-48ce-a90b-40b1dbcdfd31
clijabe,71071b0a-65d9-4589-b313-dbc0ee083e2d
elitetrooper485,495572ec-d4e3-4287-b747-5e76bf5b3d03
screve,57037e85-78e7-4bff-a0d9-8171a19220bd
duhgaminboi09,ab5bbf65-4857-4ed3-a60e-e89c7e87c0da
willzy,016f2641-e888-4a3f-a8de-e572c0fe1de4
toeteo2,2d0a7cb9-8108-4051-9cba-57bdc9b0344e
234fatality,206f0559-1bca-4732-9720-8981c2ce5a5f
tyingbigknots,3d599ee0-c261-47c6-88fc-441dc83d68c8
schyb,ad3cab0c-ece6-4a8b-ae2e-9b0971cbe6fc
bad_lugi,30fcd751-73d9-4bb4-a3b8-2d90613c801a
gavinistic,0ca76e08-e798-401c-8e12-725f747023ad
smtry,28e069f6-2612-4b52-b234-894374da410e
boubers,233c6675-196e-402d-846a-9d326ad30252
axisagent,6459977d-ae4e-4053-a576-8f461fba0238
thedarkstar10,41b4df7a-538d-4e70-becc-d02f32a9774b
phnatom,e9044d9b-c034-4caf-80af-382438ac836b
salzkrebs,6785da88-4da8-4fa2-b9cd-2715f718eb0d
swabia,18c60ab1-dc59-4c59-b389-14039168c5dd
goldshopp,b58a6073-e07a-4812-9ea7-27b7a1bcfdb6
exoscorpi0n,2bbf13ad-dc98-4bb8-b55c-dabc9c4f11a6
tosafemoon,11c32b4c-a70c-4947-a64e-2736011a20ef
ragnirokk,d587b177-0ab6-46a4-842a-5b912190a029
mediarahann,ebc3f5dd-8561-4b1a-bbbe-5fc41077c2d6
pinser,d7b5349e-ac67-4412-9407-6720e999a80d
lockyane,aa8079dc-f826-4efb-8923-453a7d5e4b7d
suhail911,e5ac496f-a8f5-4d4f-a2d8-133bfa873e71
mal22,eb1e5d2a-70fc-4c1a-84e2-f9436e5382ae
marmis,e703fb8a-1909-41d9-807a-8a3b0d6ea3a1
arthurpleys,62dd0e34-f7c8-43d7-ba91-78c3fd19b7ac
sp33dtrac3r,7c8f9522-566e-4c25-88d0-eb12e8d48519
momeshideyhole,163f8254-e294-410b-aee4-12a5d27d53ac
vanthcrafter,6e20cd9c-d5de-4ec4-93cc-a0f025b69d33
pogborris,fa64c8f0-3a00-45f9-91aa-4184f732d78a
deadxd_,13242b09-c52e-4838-a423-e971d9092591
xleederth,a62932ee-3851-41a5-894f-db9091d26b40
safeshibexrp,6773112a-d13e-4766-933b-88174e38e457
the0dd1s0ut,ee94bc2a-a252-431e-93d0-7af28f7bdca5
rcdinunzio,4263167d-a8ac-4235-b42f-65051c19c520
th3b1gd1pp3r,6932191a-1bb9-4429-be19-c135d8bc155f
vestalox,0126b23e-95e4-410b-a08a-13755a388e8f
xxesinxx,db84fb1f-97dd-4531-b922-2d68c2040721
starz_v2,8a369082-794d-4792-9811-72bf701795c5
safemoon_skot,c0562069-125f-45d6-b6fa-6affd7fefd80
0_ragnarok_0,05da4d03-8d07-4b5b-9f8e-2dc6103a7f1f
beautiful2night1,ac2d3120-33a1-47e7-ae2a-ba3a31e91834
bubugirl28,4ee0bbd6-49af-43fe-846b-7b04cd9ae7f8
mr_siouxman,64296e48-6adc-445d-b8f9-a515354ae126
dessertcreme,6dbed8d5-e3f1-47d6-8654-ecdcae7bd735
postjudice,055441a4-29a8-4829-9566-b9603105d188
rileymojangles,1d7c4ec2-746f-46dd-9280-ee83e477c895
wx_82,a5dda6d5-3afd-41b0-8f23-c98909ab74d3
oo09,576adda1-e88b-48ef-ab83-2939078e5e31
stiftman,c3a9395c-b6ec-4245-985e-06e2ab876d3f
xtweax,a5e335dd-d28a-4a28-ac96-c03dbe703b57
theclevernoob,920f72b7-0e29-49f9-822a-4a87a588f22e
itsrichybro,578e05d9-dff9-4692-976e-41f3177b825b
bughr,d117c851-4f21-4b4a-826f-26ffaa11682c
patlynn,872357b8-b028-4d00-843b-0066740c70dd
_izzo_,e8318b87-af69-4727-b879-9b7f10191c7c
epicakrilon,a2ad5b43-1537-4ea3-b433-3d1a3e7a514c
mongolobongolo,89a8c087-8df0-4ef5-8aa3-54c82e94587b
i3leedwishes,32f122bb-685d-4f2d-8707-6cf00b680c7a
theburk32,a454235a-33e9-4387-9ad1-726736b011c5
thekevdk,e6d49d3c-e622-45a9-b8fd-952299fa8a77
dool_sr,df648c56-866b-402d-930a-295b4523fc0a
jjsagestyle,582be4e8-bcb0-4411-9c53-72c35ad77f64
amoore357,b75b26f0-74d5-419d-952a-51902078cca8
ygopaisano,b66ff8ab-7f4c-4688-9cd6-8de29e11503f
weemich,2a5308d9-1504-4043-a4e6-60a57b0f7fc6
stinkb33rtje,4328100b-08c6-45e2-bde0-3ec7d2038e82
stinky_pinkyyy,291b7018-edbf-4b67-8c94-d832ba6bd58b
teknodartio,ea0c32c4-7388-4795-abbe-117bf9517aa5
valspar21,b0779491-904a-46f8-9666-8c3060d11294
bigklew,b9281bb1-4f1e-4f02-82de-13bdf61f29f3
b8me,c1aa8edc-a3f2-4b7e-a2ec-57cda1ea226c
brottatochips,434ec079-cc66-49c0-a953-12f3f32cda6f
ice_beach,36b647a1-0ce3-4621-8a3e-8a9f340e1d2a
jman6802,10b287b3-16ee-44c9-b2ab-17153c54b624
natanek112233,c01803e2-53e0-436b-872e-13c437fd6463
roda__,e8172151-b596-4f43-a3d5-4d2e716c9bf4
cabooseksa,1bd6eab8-0feb-4788-9314-182eedd3c43d
le9endb,3c7947b8-e85e-4e82-a71c-1ed7fd639fb7
rinyuro,bf9460f8-e5f6-4684-85bf-06b20661e87c
hodlhodl,e1944870-6458-4762-9b98-186235a0544a
reneerocks,e7a72ec4-cafb-439d-9bca-08b5d67fe19c
sircj345,0403984d-d105-42c7-87b2-8a6f833a4878
xteckeurox,0a0b4b22-1660-4b5d-9b22-2c8c9f752be6
ditbenick,60b6490f-a2ed-4374-a477-3e2444497946
swerion,a6342afc-9e31-45cd-8098-14543afe3239
witherpack,5b141141-35b6-4909-911f-c58a69c06f6a
9s0,dcb2c649-76a5-447c-8756-abdd59e821df
evilpumpkin1337,e20f5e1d-bc48-4af2-97d8-15609208f5b0
phoenixgaming34,305d9f3d-1771-4641-a0e8-6e8beaf21b99
rudeboy13x,e9aa975f-5e1f-431c-95ce-f94f61c9895b
ezshrekt,53d88428-fce2-436c-9154-eb0d4105a8da
sir_fluffs_iii,62d00297-b121-4659-a521-b77cce0b7b3f
fireboyev,f0fac4c7-1a9e-43bd-9df8-40ac766042fa
heroborn77,9f04d678-dd7b-4bb6-9f13-942c10174032
freez3rburn,a80e3265-bd08-4323-93c8-9ec84aa1f6b9
timtim420,9e488d9c-c603-4592-9f72-81f4a99138e8
exomaster94,d6b66ef1-2321-4c7d-8db3-070d934ab3b0
ihassenpai,d8952f89-8ec2-4f6a-8dc3-6fd1ac5d58f1
ra18fa,541ba750-012e-4f72-aa85-fa5697a52cbb
weedicus,6302f34b-6197-4cdd-a0b1-30f70e962aed
xx_maxersej_xx,e71d9c98-1571-4796-959c-b7f219c814e8
yungjzaisdead,db9e37c9-57a0-4fc4-9c2a-d7808f0f6dfe
garretttm,f2b266a3-067e-4b60-89cd-1038cf8e6e74
laylahkitten,8ff9cada-c283-4950-9dde-9439a73858d7
vanya__92,2b2a1b74-8e2d-4ce4-b23f-dd6da46ff993
s_locx,c9671b45-f4aa-4a1c-841f-645067ce7390
xneverhealx,ee273781-ab04-4435-85c4-c4389bb6123e
atieh,e08b423b-cbcd-4d08-b13a-519e63ea150e
o_epidemik_o,82d28bfd-fda7-481f-9443-de3e59ccdae9
danonymousc,1b8fecf7-5def-4685-b355-0e019b38d013
sp1kez1,a6e469fe-233e-48c0-b825-7264786c1a2e
tbe_bins,8d7603c5-6860-48c4-8e08-8c53abe59fdc
thur1saz,639e6719-982c-4deb-82ba-ff183e046d1b
arvidholm,ac054fe3-4843-4f91-87bb-e34f8524d4e4
poetess,0a291b74-c6a4-4976-9db8-13f65bb236ec
3ace3,e4410298-ea6c-4cdf-beae-bd9c999c3d98
notbojan_jack,a5974882-c536-46be-a84e-652a01c9a66f
ravenclawk,32abc0db-7d67-45ef-bb54-8dafc73aa343
low8low,9b3ec842-b591-4954-8fe5-906585284473
dogcube51,459c5b11-31d5-4ff7-90e7-c8852bf8e35c
derpytoes_2020,6ee7cdf8-aab8-45d0-828e-5f9fc428a196
schwenga,894b3e39-46c3-46dd-9e7e-d3388d486778
gustgoes,9a696a53-28d4-472b-8813-5645d59f8a88
nikandrenee,af5fb099-152f-4497-9688-d746133cafae
chapst1k,685a8abd-4049-4377-b596-984b8795a2ba
cookiecrisk,a14174b1-bee6-4b55-a21f-9d2352b05120
releptian,251aea7c-32ef-4c8c-aedc-f746bbbaeded
centaurusl4yt,89829681-fcbc-4433-8b95-ce84abdb2dcf
jotap33,903766d1-c1f4-4ac1-a738-ad60835c47bf
kekabron,879d94f0-92dd-4f5a-bfc4-1f324e0c85a4
iceytheice,da084d24-19fe-48fd-a285-5037abb2cd5f
unbeachtet,c10135b2-ab51-436a-98c9-799892eaa8d2
mrblockclocks,0ae52ddc-372d-41c9-b5ed-135752734cd9
ianoulou59,2fe58f36-6000-4505-b5dd-613020888356
letstaimi,0ffef382-7c8f-4fed-af28-909b16034e08
greenas8,eb5f5d4d-adec-4a3f-9f67-bfb3c2180f27
andrewmoulder32,e3ba6d36-d86d-46f0-a57e-95d85499adba
deadangelk,44c51850-9de9-441b-8cca-76b64acb1d8b
zayeed_,865b4c0c-f8c5-42e6-bc77-2ed05980e6ec
hapringle,5ba72011-aeff-47f5-a7c6-2ccd04de5640
joemidd,903b3cff-5a47-4f79-a619-6065fb50ca0f
mrmeeseeks1324,4188757d-9048-4e91-9a22-0c50c3d652c3
maltest,9372efd6-4ff0-4775-a342-847a169d068a
wumpis,e85b29f9-f3fd-4ef2-83c6-6996fb14b7ac
haschdino,c4503165-0fa9-4c35-a517-1dbd217484af
crryingchildlol,d9435bfe-6bd6-4605-b2f9-6103a27124fa
on_fire,27e07b83-b1ad-4cb5-999b-ddb2329192ff
nosignal22,1b263a81-90e6-465d-9fe1-5c503457862c
grvgglvs,2e99e393-f92f-407f-9054-e0ce674ff097
tienik,e4dd2fb6-a67e-4219-8645-3d459ebd9bf0
starfishki,e0ef1051-15f7-4de7-9f9a-6eb29a55334d
alliasherri,5e9ccfea-735e-4a92-b2b9-abfec9c26b9b
safetomoon,acfc583f-fa4b-467b-b7eb-9cc461e681f3
mlgjebus,a1c396c5-b984-481f-ab88-fe7c78d3de6f
ryanlb,bbbdb15f-cb04-4b3d-b98c-162132276fe0
queeninthen0rth,614dd7ab-4840-4e45-a4fc-8ade2e9144c0
4_cx,08625be2-8435-4560-a0e1-bd53106e11c9
clownstyle,579d9fcc-6b04-43a8-b823-3699391957a2
soccergeel,e0a71bb4-8ca0-4d3c-8485-b4bde3654230
xreaper_007,0f6a74b1-f65d-4bb1-a835-d1c7bd494bec
somerandomninja,df326800-9607-4ce8-b2af-c450e1416bb6
laurenjademc,099c5f15-f929-4e6d-b7a4-d5a81dd7efac
anonymous_7301,a382e00b-1b82-4d6e-bd8f-ac2b52fd812f
pangres,d4a97c30-abdc-49c3-b365-e9242438bd96
thenoblederf,759e286b-6e3f-4ec1-b408-1589d711c00f
brendan27,398b4492-8945-4781-8ab2-6814b7ec5817
iiekko,d49ae0ac-8900-4435-857d-6ee01dc6db89
nekior,58ded5d7-dfd3-4b6d-abb5-c823f624910c
__chernobyl,8730c5d3-6bd8-43ac-8944-630b55fe51bc
mishapav57,a5030278-e084-439c-99b0-5583badb63d5
maxwillclapyou_,b564abd6-98d1-4877-a808-0da09daf6708
engjell_jk____,c32949e1-3efe-4654-a383-26d00a5fba5d
surge_cryptic,29e338ab-b3bf-489f-9ad7-fd82a84533c6
steephano,f164f14d-d760-404c-9d9d-9909c0875860
vagggrsafemoon,b343f450-4709-4984-aeb4-3571826c1d90
habeautosoup,f82a97f7-7b0d-4683-81e6-0288a6dd47f2
wow,0ab20ef4-1828-4654-b06d-a9796124aff9
theblade2000,6bd2ed9f-7609-447d-a0c2-4a74dfba50bd
dyn0btw,eba915a5-8262-4463-94ec-30a6099629bf
jerzzydevil,54de4cad-e5f5-4a1d-aceb-c47aab51e1af
paul_mafinga,d15e0f32-8736-4f4c-b965-fcbc902e9025
mainzoxie,292667e2-dd3b-40fb-8ea7-41b99e49bf86
falconflare,53231977-fa62-4d19-999a-03265ec747ec
pastel_boba,bd9b57fd-679d-42f3-b255-28972c0a5a43
konetrix,f8bdaf89-a457-4e5b-9082-6360ebe0e111
test,d8d5a923-7b20-43d8-883b-1150148d6955
ghoew__,7c919c6b-d3dd-4247-a866-5f2764395a7e
turrbokucyk,718a7384-ff0f-49dd-a6cb-873292f2b917
expleto,d08d71a0-1f57-4c47-aa5b-99174e8a500d
skyterrorist,9155cbe9-6a15-4a5e-860b-2720d9901d50
bbaluka,151bf289-b0aa-4b24-a837-40cc6c582f9e
vossylad,f97cd373-a660-49c2-962b-aa91c5a68264
doom_k1ng,bbc6dee9-f084-40e7-831f-6c40719de6c5
boubersyt,2dd178e3-5661-4aca-973e-da5d6b8ed9b2
_gioggi_,492af799-3c49-488f-8c9c-d0269d730cb1
junkzerg,2d84994b-191e-41ff-9474-f8eaff30e882
raphi__51,bfc3ed90-219e-49a1-9075-9512e8f6a6fa
reioahven,313620ac-f5cc-48f2-accd-8e9de62d21e5
cheemsinu,5c164c01-0e3d-4dab-a1c0-423a95517403
xpinex,20b1a768-a7d7-46f8-b47b-84064b542e8e
eloszeek,e88f824c-683b-488d-88b8-d3e03d9ddc41
instadanielul,08967655-b69b-4313-9d20-8340f5c3df12
blacktiger9,945dcd88-04ff-4fe8-a919-5af1fd9259cb
nefarious95,21ad878f-6def-44c8-806c-3dbf3510b52d
bountyfett22,b9cd4467-389f-4b7b-91e2-7362e3a99583
dukecommand,6eafb931-5cd0-42ab-80a2-5f574feda4b8
merkonomi,b151c41e-3afe-45d2-8bff-cc89dfd21936
wubbewubbe,d3875e3f-5ead-4e78-b513-8b90a5a5b677
didoonph,73749643-6b90-4cfa-a172-f590488f5132
pikaisepic,b9fd6cb4-e8c7-442e-bc5a-831ea6e109de
elodinn,c8171302-2fe5-4b29-9054-9001927732cf
losersumo,6023d9db-77e3-4edb-a329-0b9bbaa77e36
mitch_presto,f24caf0f-e798-45ae-97b5-c3fcc88f1245
mk_184,66dd2add-935c-4b36-a26b-a59b818f3bb4
itsmaveric,107ca566-bb92-4714-b755-450edc611d1a
jtreading,0654183b-bb50-4e80-a16f-c79e0beb44b3
flubbedhalo,f4ac1991-db44-433a-9509-be090a29fcac
rexzyylele,ea26d219-e016-44a3-abcc-be97ed8c2b64
vande_nwfnd,521f830f-d29a-4a3e-a66d-fb9550b9cf5f
zoocreeper,9748704d-0726-4d52-a622-90fc2edbb71c
eduard,05877463-50f7-424c-97fb-02cc222e1824
lady_beach,94e7d710-0c5b-4e8b-9a03-0f121bc25064
nickiller27,42246cbf-2e8d-47a3-b338-82eaa1acc95f
ginrimber,59e0ee0a-5195-4e82-9464-3fdc96d99d06
andrewtrex_21,cf6da404-a447-41b3-8016-8985e8830c5c
bluethebun,7a1db990-6dd4-4f9c-a50c-6dbc5df1c03a
darkwolf890,b6726a4b-6239-4117-9749-bd68621378aa
adadol,b61cc846-e831-4aad-ae88-906c08428a7b
b2bsquared,40477199-9afc-4187-acc8-d3d6176b32ba
givitymidasjr,6d911901-2bd0-4731-bbda-37878f866643
newbigstar,60279001-d97a-49ad-a9d7-80e34cadbbc2
squall25,259d8686-3bda-44d6-9cad-3808f44a1b4a
thiccjersh,a3222ec8-bb84-4d1d-b74c-084589a79246
captcblock,b7794602-b208-4a5b-9f4d-fc93501419d1
hallogentheclown,d1295952-cc9f-47a0-9247-14c230f4b677
saitamaonttv,926d9e00-1a92-4ab6-bfff-aff4d9249b46
knockout,e31d794e-3713-4872-a3c1-4a331cf13967
einsgepard30844,2131e97d-6fb3-45fa-88bb-a72e3caf973b
filip_spel,ca90228f-dd36-4ce6-bbf7-b3cc9bd5cd2e
omg_yaaaa,4ee29790-73e7-4f7e-9fb2-e60f08cf4322
safemoonkev,69a1c160-0da5-46c0-85b6-42fd815b2ee3
thejoybit,0df8eb47-7a46-4d17-b2c4-a27af2c39aae
rayhxn,cf10631a-cc32-4caf-b74d-fda2982b4654
frorence,41955c66-2e7e-456f-a3a9-780b0da5b9a9
dakota_0,3777ed00-8fc7-4ea3-8bbf-ec9bc337ed08
ethanssmallspoon,2e719b38-0fc3-4239-9123-33202a56c75b
zackezragaming,f994912c-0840-4e15-a955-b900b524f530
kaeficpac,da9fd04c-62a6-40b0-9716-d168928642ca
wickers84,596f4d83-cdd6-4e93-9e3b-0638f32db0bd
nearbygunsmith,b1cb7ecc-3363-4603-8ffe-da78e775e864
ravenlove3002,99af933f-b110-4946-9e1f-adff4eea536d
the_lindles,d0f4a789-3fa7-4301-b702-f4297139572c
unwishedtree121,6bdc7e65-6f9b-4df1-8d5f-b7ceb9f486b3
7professorlayton,75ad193f-171b-4ffa-b4e2-a0af5f0307d2
azraelstark,fd537c2a-36ee-4cce-b51e-8880fd10d677
kinkerbelle_,8db26fab-23d9-43a2-abad-b42679b480d1
tom01234,03bdf8d3-ce79-4cf9-9172-8b603e30a788
danielirving,fdc00f01-dd4d-4ec0-8242-e42f777ec852
bahbear02,dbb20127-f87b-450c-b439-c1a0aed74dca
iamdanz,216dfc0d-4e1c-4f6a-be43-35e45596fb3e
andek1ng12345,ee99e21f-431b-491b-a554-08b094bf16bb
magicbrowlie,880c6b32-0273-4215-adb2-ef234e30bc2c
cosmickangaroo,9a2eb7cd-6d4f-4da2-8ada-876684d23df8
jankyninja44,9a3f8c7b-faa9-4adb-b124-a08f24a90168
mighty_python45,f19021dc-30f9-40e7-ab79-3a1f69a73e55
dampfen,317c65f2-9f52-4f5f-9ab4-1389e4613d21
chickflia,601b6ec2-2ec3-4ff5-9911-84d638e5ad04
passegod,8945e854-9914-4911-92f4-e9a64ef3631b
rubbyducky,aa72c585-4185-411b-8b9a-b44f6260290b
block_breaker99,e4fb7c39-7044-4b2b-a32d-e5a68f45af4e
dude_nielsen,a3ba1db0-4751-4c7d-8d17-d1fade5e81b2
_01001010_,db0f3686-1e52-402f-aec9-801e789a5707
aguzt,c01e2065-783d-4a10-bb7b-e97d9e97d13f
fiif,1a7cdf0f-2966-4429-bf44-146477ae81b0
miniologist,16364642-304b-4957-be61-b3fbe4c6e6d1
mmicrowavecat,21f4c771-adb1-4c03-9cf4-687aaecf8ab8
hallogen,d1295952-cc9f-47a0-9247-14c230f4b677
zindu22,bc7f9236-40fb-442d-a036-962373a4bf32
starkinhojr,862ea9b4-7a90-4334-b439-4bedce21623c
redkobra67,5032424a-a894-4849-bf02-c27b47b908db
osiris0,fbdbcf3d-4dce-40f0-a815-d9e25a21b56b
ze_babuino,53ae732a-db61-4b03-91dc-e7fb3ef6e270
zettstream,392dd4fa-c884-4843-9395-f102aabe8e56
itzsteifo,aac8cdf5-15e6-42e4-803d-03062e031752
realmarquett,479df1e6-5c43-49bc-a9ff-f5fc83496927
pokyendymion360,3e07c646-0097-4fa4-addd-e1e57dc6d15c
sportinger,2f6cdcee-8852-4ca1-ab6c-9e8b5e5d81d4
kmorch,39429988-323d-46a4-8d83-f7e5f045352b
lindonkor,a2c5be9d-a090-4c3e-8931-038521f5c152
m7rgy,db32cfb6-fd7b-4d1b-96a0-8ae70139baa5
snookizzle,57ba9fcc-b47e-48f6-ad92-ada7e67479d6
jebss,0a3b2419-7a39-4881-ad5d-05a51ff81d30
eliwei123,76b20fa0-19b3-4c6b-b649-9af5ed422d50
rasmushald,b22a6c53-83e0-45b7-b864-1d2104fcde0f
stephen210,c9e98823-3d7f-4f33-ba4f-bf56f84fa25f
megaxar7,e204cead-38fa-4166-9a26-48275bd06307
afunkymonk,2a691926-ffda-44d0-93ac-9661b78007da
deadjimmy,ba34be7d-0cfd-46b8-9c97-7bd9350a457c
williamnight294,ed19381c-49ad-4735-9728-6ba905b261c9
_zarasha_,e0174865-0718-45f6-991b-4a2d0b85468e
amphire,d259680c-eb0f-4c5e-b4ad-f5f7d8ea33c7
thewheelerdealer,c9ca8837-cde7-4bc7-8cd2-babd373c3af8
xxmeme420kingxx,b5781c7b-387d-436c-a674-7ba1470d535c
synz1,837defa8-9c3e-4fc3-93b1-73e6aab110a0
neuroticallyy,8ec97d7d-c4a2-4c4d-b42c-cd6dde73bcb0
serverrestart,05e61640-1be1-45d8-b3b4-4f23c61b9de0
huddybuddy1103,679dfc98-2520-4148-9551-64934ef7340f
moonborkjr,4984b0a7-fdbc-4a73-a045-9baf80974d67
drnightt,11eaf665-27b5-4f66-ac87-2d5796a523fa
dubya335,34d0491b-70ab-41d2-949b-485f030545a1
uxsciguy,66d25e90-b6f5-4796-a518-736bf7b5a8c1
galaxiakira,9c759ed6-cc67-4348-a2fb-e62648cc65af
jandbdavenport,30c251f6-404a-4347-9db7-d536cf6774c2
shadowisliving,2bd9e462-cce0-42f8-b4e0-af63ef09fbdf
dawrath,d5363d2d-26b7-450e-a9d8-dfc796628b0d
mathildebmxx,9d4e487a-ffd6-4a53-98f4-bca069b34b28
tipps,8d3fce12-c8c1-49b3-8d67-8e937afc1735
jimango,5cc9b454-0074-4d2b-8053-aaf162d01ed5
hxmewrxcker,bb57cb5a-4826-4e02-883e-497bba307278
d34n_9,da15329e-a5ec-462a-8787-8423c08fc84d
et2miner,932d9bdc-e1e4-4ada-b658-07ced79e6222
snozberryjam,960395ec-c61f-4e16-a24b-c222acd61a18
veriteaa,cab2ee2e-1110-423b-ab54-dc7256f856da
r4ttl3,466e0ab8-2012-41f4-a55d-1e6aa9b6f2a5
momonator4,d1eb197c-f150-4778-ba43-200d87fa11fa
texhilarate,131dfa42-a646-4aa3-b476-728ea7e27af2
pyrotechnics1990,7ffb3be9-5dcf-4847-a7df-aeec2d4d3f2e
racerreindeer,271b21e6-326e-405e-b4e8-d31b58f160e5
tjwpup,0cd5393e-ffb2-446f-aadb-884b59097b1e
mindblowrl,3f052670-3cc6-4d1a-9f45-4c53e65e2627
weegee9991,c6247f77-3873-40e2-848d-7769e23a8747
banana_sempai_,b4700cae-66f5-4777-be55-c293f4a5019a
davin075,80c4fd1f-c241-4a84-ae47-6c2914cc7f9d
jazzy_777,73e8df9d-ff9d-423f-b78e-7e93178e6429
tourepsi,50dd88b7-e13d-41ec-8bc1-3d91525db3e6
ttvtohka,0ce6f6cf-fe0b-427c-af87-dc35ed8dc0a2
iztheking1,7aeb89af-1ab7-4a3b-8d6a-04fad502f92a
charliechunders,67ac2317-f2d4-4a78-98b2-df9cd124a649
alpha9142,ed94f8fd-fcfd-413c-9bf9-a53747c04658
lavtor_pvp,b45f9ab8-451e-48bb-a2df-9f1460568f64
audiocrafter,b041a410-88f8-4431-9f9b-fea607fcfccf
mattwithabat,26de586c-743a-4ffc-8e21-c454e977cfc6
altairsa55a55in,942215b3-5280-4cf0-b2f6-54ab2ab66deb
iibridgeri,4e58ee34-b0a6-4c26-ada5-8d5832cd6c7f
janjaapmc,0fdd93f7-33b0-4bde-a3a2-18721e3203f4
madmikewood,6073d05e-4913-4d0e-929b-cf18b27da870
captain_9608,fe2969de-67aa-4df8-9b57-e4594b1cfaca
jasebird31,1ba66f0d-c088-4795-a891-7bd4a18e1d81
gleenja,56443f27-9a88-4531-8f31-9a1fa1117b22
downey_123,36846682-c132-44ca-9042-a70b2f7cd817
2b_robot,7b18e4a1-512e-4985-8f0b-bbccbfb70be3
imadeyoucry,897d3d38-433e-4a11-9b78-3066e17030ed
soccerstar10190,ba128c37-de92-4522-a2d9-07599e2eb728
awakenedoutlaw,69ef1180-deb4-4893-9486-4eef9b41d774
dogecito589,f1077170-52a5-48f8-9a58-2aa6549f43ed
daminatorhd,8f90a320-6bcf-4e6a-a717-71c5d8272593
sirsnoz,960395ec-c61f-4e16-a24b-c222acd61a18
drizzy146,a6afbd3d-91b1-47f5-90ad-739d95a27cf3
safemoonviking,0bc400f3-854d-43ec-8894-4893ece400fa
saogammer,f8fcf1fe-5b7d-49b3-9ec6-959cd5709c97
timbrainpopkin,86243659-a577-4322-a742-a0f6d5c0daac
diamondhands907,5ccff207-7e37-4140-b540-7adc2000845f
aweyuoo,3b8684c9-95e6-46d8-bef4-903d7bae6fb5
ddumbbear,b7946f46-b994-4c7e-948f-70261b0f9289
der_one,b320baf0-996a-48c8-afa4-8e50f9370d2e
combatwombat010,9bec1da7-5fd0-4a67-bf8b-4f43963b2f0e
cinnamon____,42c2f745-e87e-400b-86e9-c8c5d130cd72
dellstarbg,67e9c855-434d-44f0-9878-678ab9ee16d9
ticklemehbooty,1c015460-989f-4cbd-bb1f-d29d1e5d4a78
fresheko,4b2568f5-c257-48ca-9812-7200c20c3077
tmipr,eb6d6852-19fd-40b8-b64a-e21747a43d2f
m_dtv21,bef6fd6c-5f11-4166-a052-caae4293ed58
orangetoaster33,74729609-f896-46ea-93ad-21ee3a5a8ac8
reddiamondrec,361fddbd-36be-42d3-a7a5-1642ab51b8fc
tremey25,696a1985-492a-4fe0-b7ea-96c4ae8c786b
sfm_beamer,25b7a6fe-9cf6-45fe-bea0-048bad23021b
appleman,6177a6a1-5937-464a-881c-0e038bfdf4ac
champjd0210,0cb64f2d-b453-422a-b53c-b823deb6bdb9
monarch_of_weebs,6f414378-bc17-4a16-b46e-16e0876463b5
hermann_,b3dea8c1-fea3-4765-b17e-18364642410d
0n4x,91074266-343e-40d6-8e7d-6c52f3d8fcea
barastyrr,a8d010ce-9565-4c16-b323-2e3e4e43c84e
j4yden20,8f8273b0-44a1-4b81-a92f-0f06389048e3
ofirowo,90397544-71a9-4266-8767-151a26b09706
p0tat0es4u,34987af2-8d56-4857-a951-469aaa11a29d
playmoshenith,06638ac1-c0e6-46d7-a7fa-40abcbfcf166
reekid12,4a2ca235-7b71-4395-945c-cfc22e34a86d
hardtoki11,34555720-1e07-4be8-9436-339ad6a29a76
thediamonder11,3ff250f0-9eb7-49c6-834b-f81177aea1b6
jc_minecraft_pro,af430840-37e2-49ae-a246-7318fb9a3fe9
sirdeathstag,d54e4d4c-a97f-4847-8c2c-584506823b33
sinkuvinku,44101e01-54f5-4205-8c70-96428ce892bb
voniyuuu,f6f50c1a-89e6-4cc6-b897-44aa70d507bb
menacing_madlad,ecd91b57-fb05-42a2-b10b-09592ab495d1
itzsenne,27e8ca42-2228-43ed-9fcc-5b9489935d0c
turtle_tatics,12506d81-86b5-40db-a283-9ddccbcabcc5
bobbandit,ed504d3d-956f-47e3-b2ba-daf530051fd8
herec0mest0rm,fd259c81-b08e-46b6-be60-a38d7478630c
masuary,0f1559f6-fb61-4bd4-b351-154bc3339e69
mr_awesomeguy3,79ac6f83-25a7-4305-96ca-dada5f9563f5
austinz3,546df61c-5d06-4a9e-bf7f-6b0cff5a4632
xdarkzgamer,98fd9a0e-6620-4316-9604-efd08338aa6d
autogrind,357eb505-7ff0-4c3c-b3bb-331169617f4c
doriansafemoon2,57126995-a824-40c4-917c-4264e065c4cb
bogensberger,bef15aba-b9e8-4938-9847-4f9360e54067
_j_e_s_t_e_r_,192c110f-7142-4626-8ce6-fe01408b7dd8
jschopp,f143b015-2545-4152-b26a-7aec828e32b7
kremit32,19d8c9d0-bd5a-4cce-a180-42e9e14f4c67
mathilde999,27c12378-83bb-44b7-ba8b-68827576cb09
nilathedragon,07b9320d-6d8a-4255-939b-c57ab10e8d97
jumpgunner,c28bcb83-e0bf-4b95-8dd9-bdcd2e0c8b0b
calzammo,dc4d2531-fbde-4ab3-bcb0-48866c6c494c
glennhasabeard,fafa530e-7923-4453-a2ef-2d4dfd753ebe
rebornhell,36168d54-538c-45a3-8d5c-ccbe62e31695
undershame,3ca6c147-e18d-466c-8d2b-ad3e6e3baa79
laurimalis,8830ea0a-5b1b-4794-b43e-91c00634ebfb
agent77326,fd2012a2-e358-4f85-b665-4f1609525926
pellmac,2b1658db-8cde-4e24-9eb8-aff272e5ae4a
testss,2d69af92-f471-4479-9b98-04f58bea8e37
graffbomber,09a4509d-6ee9-4862-bcdd-984487ab218c
thomasenrosa,df70d169-f529-4a68-a468-25593a1be43d
optic0de,02a6d447-3053-407b-b888-99d1d020dd88
caysubaru,c796146d-a5ef-40b2-8fa4-676671cc2994
justcrius,3a76fff3-3d8a-4d2e-9804-0ad286d8f30d
moonbull89,35e5b439-37ef-47cf-a052-35d68250b9d6
pnarf,d903b5d7-d06e-4724-8ca0-19edab044074
skrikel1,b5cffa6e-e19b-43dd-8f10-e88c4d1e5461
smok_gogo,8b9a55c0-bb14-4e4b-b1d0-a5a01bec25ea
sarodan,4048e99d-3c02-4ad4-96a5-4266982cd7df
prootootype,4810c897-d958-4c64-b6b9-1b163802f27d
sutminpikluder,71ee0408-662d-4aa8-8aac-e0ee3e98ae77
cosmosbird,647d2b3c-304a-4bf0-b870-2c3e65e12af3
adisjump,afbd94f6-aa2a-467b-beaf-dcea9b19d00d
tbone_dog,9e1bd02d-ad29-4db3-97f5-930eed1c5f4b
mpaert,a29ad4e5-ac2e-4a47-909c-8ab02715316b
eodmc,d6438513-9524-4ca3-8406-83eeeca8610f
jberm110,4c02fb07-c0cf-46fb-acfb-5169a721977f
falcon_lps,07409a19-fffd-4dca-9c9d-4439329538a0
grugmomentv5,17a59fab-faf8-47f4-b3f3-19a0c0481bae
kabobmob,d9dd847d-cb13-45fc-a529-32f469c53699
hotsauce9999,3da74e6f-ebb5-4b27-952f-eb2506852976
thediamondaxeyt,ce9d9a3c-f802-4e94-8c0a-dfacc77734b6
safemoonwallet,9d326d61-04e6-4c6c-bd0b-8aaf14f80ff0
scalemerald,3a248af0-23c1-4f6e-a4eb-cab9f8785e3d
thecek,a2191730-3cdb-4966-b5fc-6ddc0de3cfe4
booowwww,059b47e9-d368-4f24-bba0-4cc925d4304f
erku15,f1a61185-c9d2-429b-8546-2f2d33fdc6f6
enderelement10,2debe9e3-687a-42b1-a8a2-529844128467
gummmay,b26a9785-25d6-48f5-ae5e-066e1a31932a
kallistratis,3b6c1cbd-b506-4365-8d15-d963b678b8c1
setsunaxd,90adf1f7-da23-4105-bf95-f9e081fb4b21
10d22,eed646ec-0b0e-41d1-9970-db4cc1be1a7b
bluemonkeypoop,58d5238d-5b71-4cca-95f6-635c40439f4e
endermxnn,8d3b8d26-1627-4f8a-b4a1-a1eb5b2b1797
lumineer1000,37b3db09-f3c2-4e7b-a118-8d27683096d3
jhoekengplays,5863c47c-7180-47af-9231-84801420b5a9
squiddlecat,6979ad4b-3544-45d6-82a0-a5f78a643c0a
akchampcr7,41197a94-ada3-428b-bb6b-95b84b0b289d
scorpious1812,84656a7c-a0a3-4853-be9d-ea297eabc82b
whiteskeleton1,78c40c08-4e0f-4164-b2c2-2d71b847b990
_annieleonhart,6dc81ddf-257b-4371-b0bc-537fc20b00e7
stuntmuffin,c0f8f8fb-ef7e-45d3-9a93-ff1b3b4a97ca
happyhellow,6f37d5d4-199e-4c14-8387-0680cf51a7d8
kadase,d4bd8e74-45a7-41de-9f14-92ed8938346c
safemoonmax,6598b0ab-2e9a-4938-819a-0bf9ec5881da
ayakiro,6376124d-7636-4d98-b097-afe7b9843880
jaybaen,1bbf9404-bab6-4568-84fa-626c423a82a6
beedinninja,85043281-7fb8-482d-a843-f907e4e92923
leapback,586922be-4ff4-42ee-affc-9f77eabccfdc
arantespt,5720ea97-a0e8-4d80-af6f-3c6f0580a6fa
danceleader,6b0eeb76-c3a1-4dc4-b179-9ffb33f370ee
durkiiin,fc2b5e28-55ff-464e-9b92-c92a9a18808d
psain,2a34926a-aaa2-43d7-9bec-133f20a978ed
princehatem,5485821d-5975-41e6-b620-d7eed1702ea0
loco_angellxd,eadb122a-9e85-4f6e-a8d4-44f154b15009
hiroone777,beba4853-3885-48f7-a4ce-35bcca836627
fjallravmc,31283354-c914-4bf7-828e-de8db0c1445f
dylanroodt,a5df8484-099d-40c9-9054-4ebcba54e91e
p376em,85ec24cc-5c91-4b0e-8676-1bdcc947642f
liamliam5571,988f709a-2ac3-470d-9243-2eb3391bcf20
md886,37c7fff7-f28e-4442-86c4-628041926e4a
xm134chriis,bfab4e85-2a4b-4961-9e0e-c404765d534e
lulzor,60c2ecdd-1718-42bb-93c2-e7d6822d29aa
bravelilsandwich,44322665-de43-4d19-9bcf-1b390723250b
kurzi2704,ff223d7b-7b97-4bb0-9f2e-723213328042
botuist,ef8cb08d-6e77-4d05-9d02-507d8dd9b191
doug_fresh,47ab088c-2236-4440-ae28-15da8b831aa3
epsey,f665081f-e571-4aa8-b215-c8a7d3519601
jackal704,ee2ad120-5643-42df-ad96-4824a3fbea6c
adingga,e059a5cb-952b-4a17-a98e-041c669b8df9
kittenpugs28,ccdd3ec8-de27-4721-b02c-9f69a151ef71
thelifeisyours,fb618cb0-c6d2-47d8-ae44-16f38addabd8
gimmie_lu,fa600060-1816-4487-bb20-6996daa28272
kswan2012,54a4f1eb-e3ee-416e-9cba-9a38c14ccc01
nomumaster,2d8ae659-eef3-461d-a0a6-ba7806bd836f
whittmister,e75734ce-d559-4882-a7b7-63e4a4736391
4rticwolf,3310977e-069d-43bb-aa9a-6114b28da095
wili0017,a0b83c01-12bc-49ce-90c9-db7231c17981
monkredey,e935137d-02b5-49d2-bb64-77f8610d3a9f
zagarillo,088a5928-1139-4892-9265-ae0b597fb721
brooklynbrew,c33fab6b-68e1-42f6-9038-7db3b0cc5a9d
tinyunicorns666,578624cb-0a6a-4793-90ed-f9a99e6bf617
vagrant5,c9e96523-db64-4805-a5cf-172dbb000ea2
skye_power,1e099efa-3bd2-47f7-9b59-d0613bceaf5b
emperordjshadow,44b84725-1c00-4125-a6ea-6e653c8b56a3
toadapop,43a34166-cbb4-4bd8-8f52-d3316d76dc65
w32_,537ee46c-7992-413b-81a8-fd02ff863311
bigragutony,a9aa62b9-39ab-4982-8310-130e012be123
nightdude200,a9c407be-fd42-4508-a80d-6d94c2b99bef
phyrechris,244106fe-e1a0-40a9-b342-4b8781d1a2dd
sirenhead2484,40b66c17-1160-4d26-a2c1-e26a250a830a
venne3,2b0450d3-67fd-4cde-98f1-57330a079b78
oogwaysan,e4fc6acb-d74c-4b04-9f3b-f85155f25ded
kemono1996,88cac8b6-1867-4c46-a92c-50d060714eb5
viewedbacon1,a2e30023-1284-460c-8e5a-ce1bfe992925
thedetonator100,575055ad-c762-4e8b-a7ff-14be0297980a
bergmanjoe,60387fe3-2800-44e0-bb5f-544a44bdce21
pinksakura02,a94a60d3-43ee-4d8f-bce5-8751a521763f
uthilion,ea0e0528-d541-4978-9caa-b89789e99c1a
kastaa1994,abf6cc87-e82d-441a-bda4-a04d2bf89429
vexed___,bd075f55-56a0-470b-8e25-1a0c2ac62097
toasty_the_oven,6128e623-cdd1-4ea9-a85a-e43eb7556b96
stanknspice,8da0d481-d50f-492b-a4d1-9a38a5e81bd6
eyescreamo_o,69b37b05-e02a-41c5-9f42-8ab80e2b27b7
piebuddy,533bacdd-178c-4ae9-bc0b-c7cf36f8d4e9
20peterbread01,4e147ade-e9ec-4c6e-8e5d-6a3bb8004242
kabelmc_,a5cbd869-5177-4705-ad75-b72faab491ba
catmom718,16b3534f-246b-42da-b914-2122648d941c
adamplaysmin,b63efa9b-62ca-4b18-adda-633e829318e5
sirluchos,34a29559-6403-4f73-b8fa-09034aa1f0ce
ukstormer79,3c66d48e-2643-4992-bb9e-569598e4fac2
smokeydabearz,922bb1d7-fdd7-4712-bf58-c445c97f72c8
4stora,e3cef101-3db8-4044-bdde-99dc2a0269af
noble_six_b312,3e07c646-0097-4fa4-addd-e1e57dc6d15c
yt_wallinear_yt,63feddc2-dab8-459c-964b-07e7435e2572
grimfolkswax,789d8e93-c721-4fdd-87db-757e00dd7418
nesterwork,50336afc-434d-4bc4-8bf9-92f9fc52767c
hadokenn,2b66aa5f-646c-4782-b41a-abb68a1dec62
ferretrun08,05ee8c78-8cfe-4c5b-9fa8-ec752de6d380
isa_bro,1bd1e093-782b-41ca-b644-39c67181ab7c
mateo344,b2591b36-edbb-4781-be03-de55d9366830
whisperywisp,3114dcc5-2caa-4a89-9281-4948df9a085c
catyisthebest,e7c33b6c-18a1-4734-81fb-660a7af824d3
eduproard,af68e0c3-9218-49b1-a487-153e25502056
eliasdiamond777,1c33a6a7-52b5-4511-a184-b756a1aecd65
dribz3,0eaed34f-3cd3-4500-8b2e-41af017fe062
povcik,012c7999-030d-45da-9af1-fd46af189787
cand_the_simp,390418c4-25ae-4c8e-bf57-39a2c3cb5ac7
luckygunning,b7b57acd-c2d3-479f-81b2-999f229c1d33
bin200,56b0df72-f6b5-40aa-9a7f-070ddf287260
shamzz1,73f66983-9c26-4260-9427-4546743b3bd4
mdudek1980,5f9b2a68-7860-4342-87fb-e2b46b58fda0
mikimakoto,233d8094-4dff-4b89-ba23-97002f9b1088
arian2801,045d8257-07b4-413c-9ed4-62cbd2eb5ac1
bigbrainlolxd,9c5eabf7-126f-418d-8dd9-fbee0adf9669
safemoon_jacob,8385cc61-9b84-47f5-a50d-6e37c3f4cc4e
pnmablu,f3c4730a-e68f-4fff-8e51-81ba18290b3a
xiphom,0be9dc76-c35d-4ed1-9b78-497ac4fee797
rugged_lion,58355759-f993-4ca1-b30e-4fa76fd7482a
gemini_j,c47c04a1-711a-470e-8c53-6bda1f326f5e
soppypolecat188,0705774d-5263-4711-b4e4-d4be7368f619
titanium_g,53a94a06-d802-4352-9fac-438caa1279a3
realhopedied,0227248b-15fd-4af1-b9c5-1aee8fece620
shunter24,a17463d6-12d3-4210-93b8-2d572f5a8e71
stanheight,7549b0a2-ee05-441a-b2e1-49cfd360dc30
shrimp2498,6c4f617b-7034-46e0-91d4-c3394bd78cdb
iamsd,5318e311-b344-44fb-9b02-cba40c3a317f
d4mpbiskit,5810a6c1-a1fe-43de-999c-802f35d8c9fb
mibe1084,bf10bd85-f490-4689-ba72-560fecb39ef9
carrymodeactive,76c0a5a8-6039-4b63-b5c1-03472b0921d8
eduardwayland,af68e0c3-9218-49b1-a487-153e25502056
groovygoat,44084390-4f0b-4548-87e0-dca6a060d7b4
neopolis01,b3a77075-d220-47ad-abe2-635619ca81db
skittlez_07,a312def9-f390-4231-9a21-042744af10dd
andyp47,4cfdbebe-9ff1-41f0-9a33-963ee3a2f16e
juiceyy_,d7646a84-c7e2-40a8-b8eb-7725e1b0eeb7
moonmamba69,874f1dfd-9e11-4b53-87b7-2994ff862a65
silverangell,937febdb-ce07-4198-8e4b-24d272ec82a4
currymunch3r,e0ea457c-cdbd-4f90-8171-f8a337b67a8f
digital_mind_13,e5733f24-9d02-4931-bbb4-d8d44925aedd
slayer351666,aa39843c-40cc-4113-a24b-d2e4e590e927
nextuin,83d6236d-1590-4668-99b4-fbf5b0e0a804
grotto_guy,0d225cf9-36f8-4712-8121-c5b68857270d
icorebleidd,6335695a-39d9-42a1-9dde-811d085372fe
liquidghoul,934a1354-d292-45cf-a399-a4f1702d23a8
dinnerbone7216,77a24861-3adf-4f7e-8555-335cb8d2feb9
bvx,693872e6-6383-4f1a-a2c7-4dd6f5cf7a73
professor4k,bdc2199d-3b23-46b8-9af1-62c1a13e3fc4
omega663,eb2cbece-5dc0-4976-812d-1fbc6aa8171b
robbyray64,3f5ced2d-7840-49f8-aa0d-1e0bf071fdd4
marcos_choi00,4a229c78-2ff9-41b1-a440-4fe6ae28a816
giannakispro,e1c1c961-dc9a-40fb-93e3-8b108dfef269
vadlec,d167b59f-ee0f-48f1-9972-2dafdcd944aa
nerdrot,fc59f499-a611-4e3d-8300-3259e63f08be
bihbba,eabcac88-1136-4b47-aaf0-cbe4e10cc6a3
st4rl1ng,8b4221fb-c364-4471-8f43-bed65b8dec34
brewingwarlock,8384cf05-2b50-4afb-93cb-b30aff57e905
mrvahan,4ea49bb8-9e08-428a-849b-db5d82404ff9
supernimolol,a5c83720-cb4e-43aa-b4b9-c9d0f38f0dd0
robbedoesss,6c33c63a-5469-4cb8-9346-ebb8be21def9
eraze,0d1ffc5c-7e4f-4424-ae54-f117a75d7783
bobberrb,3a9b750c-3e80-40cf-8660-41b704d03204
sfmisthebest,efc99eed-0783-438f-8cc1-c7fc254e85c3
reztier,902ea5a8-c5b5-410f-98c7-6d11cb97f4d9
leezee25,688f7e18-7f75-4dae-b3a1-36ff3fafc436
chanmeister22,f8a2bed3-b9e7-4b5b-8e5a-9a4f7fe8190d
gamingkitty1,1c35e4b3-ad1c-4bfa-8554-e3149acf6505
kylehehenberger,f7a74bf8-980d-48aa-97e0-a0bc99e15976
bird_pasha,7df603b4-aeb7-4806-9103-db2e4410c717
bfh1master,6b43ead8-0c95-4f4e-a2fe-b9e2b1966b73
hagar,d117fe35-aa18-4a67-9bc6-995ac3129223
skyeink,1e099efa-3bd2-47f7-9b59-d0613bceaf5b
stroppydegree83,b152cc62-1c3f-45fc-b8fd-0cf68da83384
colecoolgamimg,8c0ba8db-8f0b-4e31-b917-41884adb100f
mamallama1013,5d5dd2a5-f36f-48dc-b072-a54bb0333dcf
colerj2159,d34e4ee3-4682-4c26-9ad7-88aed490a9cf
jjordanz,3f723bea-249e-41de-b3fb-2fdae68f5b13
henrysreturn,763956fb-9756-4f95-9455-b580efae7331
ajdoc31,dd69949e-911e-4c69-8cf0-36fa980d7099
3mpetor,862c86e9-f374-4ab8-a546-911b2eec8ae0
sagmcu,684dd4e2-335e-4df2-a402-49d9ca92459d
chillception,26e17720-6768-4fef-8392-c036b3d6628d
_c__,005f274d-e176-43eb-b495-6c41cc9318db
ansusyoshi,9350eb75-b4da-43e4-b9b8-11d1f57fc10f
bradybrawl,1cc419e3-5200-46a9-9632-d8a7ed57b6ec
tuskedcat3,a2e07c2e-be2c-4bee-8953-24bcde26c2c0
bmp1776,ad5f831d-6d0c-47f3-956d-848a129edc8a
supacoolkid1o1,e66cd338-e9a6-4483-8448-e3347bf23d54
eamonjun,25e7305c-f528-4d8c-850a-90d023529376
venompara,a5064d57-6923-4d4f-ada6-15d4f6ab0a5c
stockx,80b7555e-b9cc-4223-b336-3d0c21e15fc2
cody___,718116a1-7f7b-48ae-a126-3b32439143fe
dlbt,de6368bf-e338-4022-b8c6-f67af55ee47d
unstopthebeast,b5166b26-2054-48d2-ba2f-867a8b50def2
williamscotty,0f4d9a06-6430-422b-92ae-3be4db42905f
_q_m_yingcheung_,f541fb17-acf5-4153-91df-733b60c58d61
jerrijelly,1144f763-0e4b-413b-97df-885c5e95313b
madfreakgr,82e90522-b028-4668-baf0-a39d53ba30bb
soleia_jeanne,279c52b9-cc02-4459-a2bf-8eb295856d3a
safemoonbda,9dc0d145-8d03-4b30-9f9b-b1a0df1584d2
maldynado,6860ac67-9fd2-451f-bcef-20a85f1eb7c6
willyyto,69543b60-1f79-48a5-8f8d-8510a362b6c6
esson23,f44eb2a5-91b4-419e-93bd-8c43b07d8211
matthew4588,61a4fd1c-d8ec-496a-9b9c-4b30bfc01bf4
criptifyc00lz3st,837defa8-9c3e-4fc3-93b1-73e6aab110a0
haagebuddne,ee878378-88bc-4979-b593-5262097a5dc0
unyielding_hero,a3cac096-326c-4610-a6e2-909c0a55a239
koolkat817,c8457175-56c9-45bc-978d-f9f320c46ae9
vibbysfm,a72b2bea-92e8-4c76-856d-ff277d7e09f2
darksideidiot,711db291-c00b-4247-b2a0-d10ac3b21215
graziservers,c25dbaeb-0874-4fff-9400-98e6d88903b1
czco,c276d112-ab09-4ac3-a6be-c8aa5b6d1086
starmoxx,47c94ed5-7e21-43a6-9381-b9fb4d90b819
youngswaggaboii,98a51cf1-8b29-45ea-8160-23f84dd1aace
tc_bathwater,d5c03b4b-af78-4b9d-bd9b-1df7c7f1cb9c
ayyabyss,99e59a0d-e0b6-4513-98dc-d36c72768336
warmonkeyx,afcae846-88cd-4298-88c2-1cea7fc32f17
jankytime,9e09161e-d56f-471d-959a-d209e1974894
metho_,c1687c1c-6851-49e5-84c0-e35c1cf409a3
drteasley403,62753e8c-2240-44a3-bfdb-3710e5411349
64nut,56685086-09df-47d0-9ec8-1acaebc90d0a
m00ncrafter,1968b124-c56a-4e1a-a080-f86de2601bd8
evolvings,c01cd08a-eee8-4ca9-abbf-edf8818187fe
delmeir,d153d78a-99bd-48c1-8c00-ea6ae02c0395
cmshortboy,8649d362-1237-4b6f-84f6-2e3fa951978b
fuyukkii,21a05553-7db0-42ae-b543-c13883039f3d
pwwa,7f2e9288-7277-4a52-8361-efa875950173
tsmino,ee9b6803-d667-4942-9896-a943e6e347c7
desoxiribose,ebcd2706-850f-4250-b65e-f460db2741a3
follow_reflex_,fb8b9ef6-fa93-4d6c-aa84-47ec19558414
cocaine_,220ae4c7-4087-4970-97d2-d29605f85de9
aackme,0a1dd916-def9-4098-b694-ac1a09c30cea
szwabenb47,7b91cf6f-ad91-4d27-9d25-1e40360db8a2
scotstam,664c4161-fbbd-4c47-88bb-d41ae698df24
marcomitc_live,a40afab1-f082-4751-aaa2-b24b5307bbae
toxicfilms,ce6ca811-494d-49ee-9fe2-77292163d1ee
burritobryton,10cf7650-f757-4dc5-9bed-4219120899a5
mooncrqft,2a59970a-4688-40cd-9c15-46921ec5fca8
t3f3,185154b1-683e-4e24-ae13-f979564a7d80
vencarkata,f27111f9-7174-44d8-9315-6bf9a5ca93a2
tehcruelone,546515b9-21ce-4bb0-bc3e-6127993bcb25
mykalrou,5739d55e-ee12-46fb-a39c-1d2d12de0b8f
20k_leafycxconut,c5416cc1-137d-490b-b6b9-1359a3978bee
pepperlive,b1240d92-5975-4632-a727-23e959aa181e
grilladbbq,0e2af0f9-4472-4a8d-8d57-b5ebc742784a
polski_dream_pl,44efa0c8-6341-4cde-b6f6-67e79b3f0200
tuskedgnome6,3cfaaf3b-218c-44b4-80be-eaaf221ce687
chestereatschic,3d8c85cb-dee1-444b-acfe-c4975034c0a5
lungin,87af2706-29a1-4581-84b7-da4f32dc3994
maximusprime013,ebe62209-b289-46ca-bfe6-f12530668927
wingglider11,98be9f90-de09-4497-9877-f26ec5e29896
samus2679,4fd61128-7d3b-4e6b-a170-9dc4e9b3f095
rip_glennrhee,a434d1e8-9919-4d76-af13-0abbd62e2d78
charliesalsa,396ac9be-0d47-4fae-9816-2a69f852b8e0
explodedbiscuit,a147edeb-26eb-43e4-9c24-0622522f8f06
phoenixlemon,ed016bfa-4f2e-4ddc-ad65-7d58d2879ce7
unrated13,3b0148e3-5446-4aca-8ac6-57df820193c0
cnbroward1,cf33a12a-bc20-4247-8ca0-d1f26a7ced95
fexiven,f628369c-7c75-4344-ba1b-1e81301ed212
tbtngamer,015a80cd-91e3-46aa-ae6c-0c8a6469fdd8
ec0,b2f62ad3-d793-4a16-b137-d1b96a9dbcb7
black_fox91,844fa826-f43e-4ea5-87fe-6befd4c0f44b
urisumi,5275c05f-1698-4f0b-97cd-e874672f3449
yungdiggity,dc667b24-3c72-455d-8231-0cb5852dd8b9
belethon,2e4a2f80-f30c-4362-8162-b03eaaf7f4d8
liltrophey,7c3e0d64-e436-4062-9932-a672bd5ef1e9
lotus_exige13,e010288c-cf36-42d8-bc45-ed6baf3bc391
intrusion_,f467468d-ee20-41b0-b441-dec5a5808720
itscraig,c899304c-72d0-4b64-adf6-86b28c097718
xtremekingz,b3a1f5f6-3a21-450e-8fb1-cb0b7db0044e
yatoogod,d6f157d1-36af-480a-93a7-d65364ed8f8b
meemosottv,d8c35a30-ebb1-46c4-b899-b3f23fd67401
mirttyr,2c00593e-bf41-4ced-bbee-b2c41fc933a5
sloyara,54686893-4f28-4776-b2f2-6e8306750672
byleaser,68ec5070-dce8-4ced-a385-a5f2aceb082e
crystalscythe,c6fa644f-73d0-4bec-a97b-3ccb53b9907e
epicitaliano,e9c4b7ff-59c0-47dd-b7e7-54a4785f069d
freddiefaulig,602a61f5-4701-4d89-90bb-e4462af1a198
beeleus,e2ceb0ae-3c83-4adb-b380-5e79cc8d695d
itwasbroken,95e2d085-25a5-4f51-84e6-02fd8a06d42f
phantomchill,f43b806f-b695-4922-8efc-3dca5f0a62fe
frankyplays,5efe91cb-2a56-4cce-b954-50509be017c9
kolrnok,85599a4d-5d09-46b2-956a-4d3d9155c6f5
nenfal,c8af9875-d88d-4202-a2d0-e96eca186fbc
labrabus,5e543713-0c8e-451b-8471-bbab26a3efd9
oskar578,7e09f452-7a8f-444e-ba36-686a35823057
fungie4,7ab37d47-8235-4996-b440-616e93c96446
lakshyaw,ea83da62-4422-4f86-9276-a149e04f7660
sterlingracers1,2a89ea44-949a-4c14-b165-a4f6cb5909c8
theogbappo,1e937328-9186-4289-bc0a-6e8d8e003680
tzuxx,0f343f19-5dd9-456c-ba11-ece0cf23b013
eeeean,46bc5984-b297-4d18-82ef-2f00ac87320a
diamondhands1,2aa18735-a261-460e-9c33-6f7259f3589a
gamergirlajj,0e3d3c8b-7a48-4cff-b484-72058946634e
darktyden,6068cfc7-3d43-4840-8bf1-a064a03c71c2
monsterdave_,70c72a3c-5f09-46e5-b3ef-cb5795463c5e
alex_woah,d6f1f175-3614-4ffb-96ed-958a765140f7
bored_animal,38ab7797-3057-4975-89f6-0d417ce60044
hostility00,53a953c4-e972-46d1-b2ce-9806e40dc377
jeymzart,23a7e27a-372a-473e-b91a-3541f71aa391
paskuix,2c0b44d7-b770-4cb1-9d10-92ed8073d097
vucurovic,65602efa-b912-4a6e-a8a8-2f066abfb392
yak1914,2ffd1aa8-1eed-4d83-8e73-268010c82c0d
slerphion,5ea1c36e-f2d4-4f96-bb1a-967926b38d55
adouminou,899fdb7f-fa3a-4d48-a456-621cac38414f
colerignall104,6dcec640-b1e0-40a7-b401-b7a3462d4be0
pleexcastiel,fc2b7e2a-8f67-4976-a643-71667f4202c5
scolld,42267d08-c083-4b70-83f7-6b7df89e97b3
stepaniero,55a7a9d7-c61e-41db-ae57-d15c062d8643
tonybolognamc,6853899d-aa83-4714-b163-187ecb05087b
djart81,3005d7ab-77bb-44db-bf40-1cf5db8f3016
lvntt,a1df1660-d2f2-4e53-92fb-64e60d600a55
white_96_camaro,2251332a-754a-41d7-ae3c-4fd0b18216df
bluefloor1,eea341ba-20ae-458a-a1a6-227e39147a06
safemoonhank,ed5de8e3-ded3-48e5-aad5-52b6afe16725
ty1r,3d599ee0-c261-47c6-88fc-441dc83d68c8
culorosado,c680f2b2-9447-486a-962d-fcac50ca51f6
rabidninja607,51a38792-e7be-4d47-8371-c1f73ea8cf13
sj_dan,382ce431-0a6e-4070-91bb-154903e3e4d1
asinfulrose,52f97b56-8eb3-4b94-bad2-8424d3b14e7c
boomow,1bd9fbbd-a37c-4412-bb5a-03a9c8540b2b
winner2565,7e180f9a-dc62-49ff-9903-88fc5cf09478
iijackiimc,e90d2638-19ec-495a-8086-1a6e516b4cac
safemoonjoe,b66ff8ab-7f4c-4688-9cd6-8de29e11503f
safemoondan,1959d5b9-8126-4456-9bf4-7b0064c53396
snookiwookie,24f3bee4-96f1-4e64-8685-065673de2294
alienbrain3,f69d1886-e9a1-4d2f-a2a6-b2a158391a0c
vlamingske,8ddad2d0-840f-4394-b0fc-c72ce101df57
s3riou5,e3a8ab2f-9077-41ce-8b1a-c6c2a7a75664
elias_123,6a2b6e83-4257-4ef6-bb8f-64791c6acf8e
fizzo__,4923083a-ef76-4807-a080-7f9f55f49321
zeboimz,7af31856-3f72-4a1b-b8aa-351b3690311f
krankezocker,2e32e6ea-7b6c-4f48-b989-b4d2519e2ba9
hast5,79665245-8f97-411c-b098-64f0b83426cc
coollucasbishop,bfa3437a-263c-4fb7-9d0e-d5b9c7d94fc8
lobohotpants,d0e73070-e028-44df-9a3f-de654e9dae65
sunniestgorilla,ded14b4b-92f4-4fbf-bbd5-f13bbcb2d848
overmars97,efcae7ba-b31a-4272-bca6-1543da773859
studio182,efacd502-88cb-4848-8fff-845c01d982f3
ilikemath_,46e397af-5a53-4b66-ae8b-65f01bac8d8a
karlsquell,3218ac8e-8c6d-4e4e-8ef2-9290440f840c
colbydray,4baccf2e-bb48-4df9-a572-e85f138b6d18
saftle,eaf4c650-d5f7-4e88-8226-740ad3639320
spinafex87,189ad2f8-361c-4d00-b902-12b534a83333
fonzking420,b5f7fdf9-7d2c-41da-bcb8-c528058a2ebf
the_real_cuctus,79d6e16c-1861-41e4-98ff-d8c1f4e98336
herobrine55012,17149b55-dda9-4363-aa41-52e7a183e0ea
smokeyace2,9cff40b9-41bb-4ac5-afd3-a388f3252fd7
beardedpleasure1,42aeedf9-8738-4ddb-9590-3338238454d6
kingofcoco,763b9d31-2c82-4ca5-bbbe-da4f1e0f41d1
gamerlakes,887f40ba-987d-4eae-9f03-e73dfcb699e0
turkeyfx,cdbe9be6-0229-471a-b275-604ad19c9dcc
wickened,0339bdeb-1548-41bd-b5be-9e4af9c44db6
dnp3,748d687b-2591-4643-aece-0f35746d94d0
reverenddread,f33ae78a-2b3c-4d5b-8706-a9bff290ba36
999affe,fd860596-b43b-418f-bf04-dd5c93654bb0
firefishy,b14ddf87-127e-436e-b3cd-879a111f57ba
blaiddmoon,863bd1ee-29d9-4058-86bd-8a41e5ec8dab
kingcowwww,dbb92185-69ff-4646-9ef8-ef0ae1989f7f
pablolasticot67,2cf44c6e-6e0e-4867-bc4e-d180694eeefe
greengriinch,636b7f85-9edd-4d95-a8fb-1a6aafd48515
eazyev15,e37d2f49-c776-4da9-af78-aae5d8c8e3c7
its_mr_clean,d207c107-39e2-4f96-9eb9-56e9fe126ba8
d4deler,9f3af770-9d7c-4186-8121-ae533b0ee353
miggz_d,487240bf-3974-4386-a3f4-f820a25c4f36
photongaming,5e54177c-fcba-437a-8ff1-d4d9ac3c306b
explosive_ag,80c3ac24-a302-4e07-9de4-693f0d82d26d
srirachax,1ce9bccb-a00b-42b5-b38d-7cdc7b0afd1b
milsleezy,e37cd383-4213-4fc0-ae14-b8ffc167a058
birkhoff,fe90fe38-f25c-4a51-953d-644b632a103e
godthegamer01,94872c58-db13-49b6-a7e3-52f0107c9752
oddboii,60ff3e15-ef68-4c52-a0a0-c99f4c4f7d52
ineusia,1f1a8f0d-fe11-4935-84a5-edeb958f52e9
